Source,Target
1556-roerer-ein-predig-von,Job 32
1556-roerer-ein-predig-von,Job 1
1556-roerer-ein-predig-von,Job 38
1556-roerer-ein-predig-von,Exodus 9
1556-roerer-ein-predig-von,Exodus 20
1556-roerer-ein-predig-von,Matt 22
1556-roerer-ein-predig-von,Job 36
1556-roerer-ein-predig-von,Genesis 9
1556-roerer-ein-predig-von,Deuteronomy 28
1556-roerer-ein-predig-von,Amos 2
1556-roerer-ein-predig-von,Mic 6
1556-roerer-ein-predig-von,Job 3
1556-roerer-ein-predig-von,Ps 50
1556-roerer-ein-predig-von,John 9
1556-roerer-ein-predig-von,Deuteronomy 28
1565-alber-eine-summa-etlicher,Deuteronomy 28
1565-alber-eine-summa-etlicher,Ps 18
1565-alber-eine-summa-etlicher,Ps 148
1565-alber-eine-summa-etlicher,Job 38
1565-alber-eine-summa-etlicher,Ps 8
1565-alber-eine-summa-etlicher,Joshua 10
1565-alber-eine-summa-etlicher,Hag 2
1565-alber-eine-summa-etlicher,Matt 10
1565-alber-eine-summa-etlicher,Ps 104
1565-alber-eine-summa-etlicher,Heb 1
1565-alber-eine-summa-etlicher,Ps 78
1565-alber-eine-summa-etlicher,Eph 2
1565-alber-eine-summa-etlicher,Titus 18
1565-alber-eine-summa-etlicher,1 Pet 3
1565-alber-eine-summa-etlicher,Matt 13
1565-alber-eine-summa-etlicher,Mal 3
1565-alber-eine-summa-etlicher,Amos 4
1565-alber-eine-summa-etlicher,Deuteronomy 18
1565-alber-eine-summa-etlicher,Isa 8
1565-alber-eine-summa-etlicher,Mic 7
1565-alber-eine-summa-etlicher,Ps 10
1565-alber-eine-summa-etlicher,Rom 8
1566-rorer-eine-predigt-von,Job 37
1566-rorer-eine-predigt-von,Job 1
1566-rorer-eine-predigt-von,Deuteronomy 18
1566-rorer-eine-predigt-von,Job 38
1566-rorer-eine-predigt-von,Exodus 9
1566-rorer-eine-predigt-von,Exodus 20
1566-rorer-eine-predigt-von,Matt 22
1566-rorer-eine-predigt-von,Job 36
1566-rorer-eine-predigt-von,Ps 7
1566-rorer-eine-predigt-von,Genesis 9
1566-rorer-eine-predigt-von,Deuteronomy 28
1566-rorer-eine-predigt-von,Amos 2
1566-rorer-eine-predigt-von,Ps 50
1566-rorer-eine-predigt-von,John 9
1571-lavater-von-thuewre-vn,Deuteronomy 28
1571-lavater-von-thuewre-vn,Amos 4
1571-lavater-von-thuewre-vn,1 Kings 8
1571-lavater-von-thuewre-vn,1 Tim 4
1571-lavater-von-thuewre-vn,Ps 105
1571-lavater-von-thuewre-vn,Rom 4
1571-lavater-von-thuewre-vn,1 Cor 3
1571-lavater-von-thuewre-vn,Ezek 36
1571-lavater-von-thuewre-vn,Ps 115
1571-lavater-von-thuewre-vn,Joel 1
1571-lavater-von-thuewre-vn,Ezek 45
1571-lavater-von-thuewre-vn,Ps 105
1571-lavater-von-thuewre-vn,Deuteronomy 8
1571-lavater-von-thuewre-vn,Job 37
1571-lavater-von-thuewre-vn,Ps 147
1571-lavater-von-thuewre-vn,Jer 14
1571-lavater-von-thuewre-vn,Nehemiah 5
1571-lavater-von-thuewre-vn,Amos 8
1571-lavater-von-thuewre-vn,Jer 24
1571-lavater-von-thuewre-vn,2 Kings 21
1571-lavater-von-thuewre-vn,Jer 34
1571-lavater-von-thuewre-vn,1 Cor 4
1571-lavater-von-thuewre-vn,2 Cor 1
1571-lavater-von-thuewre-vn,Deuteronomy 30
1571-lavater-von-thuewre-vn,Joel 2
1571-lavater-von-thuewre-vn,Rom 10
1571-lavater-von-thuewre-vn,1 Samuel 7
1571-lavater-von-thuewre-vn,Joel 1
1571-lavater-von-thuewre-vn,Luke 15
1571-lavater-von-thuewre-vn,Jas 4
1571-lavater-von-thuewre-vn,Ezek 14
1571-lavater-von-thuewre-vn,2 Samuel 21
1571-lavater-von-thuewre-vn,Amos 7
1571-lavater-von-thuewre-vn,Luke 16
1571-lavater-von-thuewre-vn,Luke 12
1571-lavater-von-thuewre-vn,Joshua 7
1571-lavater-von-thuewre-vn,Genesis 12
1571-lavater-von-thuewre-vn,Genesis 26
1571-lavater-von-thuewre-vn,Deuteronomy 28
1571-lavater-von-thuewre-vn,Ps 37
1571-lavater-von-thuewre-vn,Ps 34
1571-lavater-von-thuewre-vn,Numbers 20
1571-lavater-von-thuewre-vn,Matt 14
1571-lavater-von-thuewre-vn,Matt 24
1571-lavater-von-thuewre-vn,Luke 21
1589-alber-eine-summa-etlicher,Amos 3
1589-alber-eine-summa-etlicher,Deuteronomy 28
1589-alber-eine-summa-etlicher,Ps 18
1589-alber-eine-summa-etlicher,Ps 148
1589-alber-eine-summa-etlicher,Ps 78
1589-alber-eine-summa-etlicher,Joshua 10
1589-alber-eine-summa-etlicher,John 5
1589-alber-eine-summa-etlicher,Matt 10
1589-alber-eine-summa-etlicher,Ps 104
1589-alber-eine-summa-etlicher,Ps 78
1589-alber-eine-summa-etlicher,Eph 2
1589-alber-eine-summa-etlicher,John 38
1589-alber-eine-summa-etlicher,Numbers 22
1589-alber-eine-summa-etlicher,1 Kings 22
1589-alber-eine-summa-etlicher,Matt 8
1589-alber-eine-summa-etlicher,Titus 18
1589-alber-eine-summa-etlicher,Amos 4
1589-alber-eine-summa-etlicher,Isa 8
1589-alber-eine-summa-etlicher,Ps 4
1589-alber-eine-summa-etlicher,Ezek 33
1589-alber-eine-summa-etlicher,Mic 7
1589-alber-eine-summa-etlicher,Rom 8
1599-fabricius-christliche-predigt-von,Rom 11
1599-fabricius-christliche-predigt-von,Rom 11
1599-fabricius-christliche-predigt-von,Ps 45
1599-fabricius-christliche-predigt-von,Matt 16
1599-fabricius-christliche-predigt-von,Acts 4
1599-fabricius-christliche-predigt-von,1 Cor 3
1599-fabricius-christliche-predigt-von,Luke 1
1599-fabricius-christliche-predigt-von,Ps 50
1599-fabricius-christliche-predigt-von,Matt 28
1599-fabricius-christliche-predigt-von,1 Pet 5
1599-fabricius-christliche-predigt-von,John 10
1599-fabricius-christliche-predigt-von,Ps 121
1599-fabricius-christliche-predigt-von,1 Samuel 2
1599-fabricius-christliche-predigt-von,Matt 6
1599-fabricius-christliche-predigt-von,Ps 7
1599-fabricius-christliche-predigt-von,Matt 10
1599-fabricius-christliche-predigt-von,Ps 9
1599-fabricius-christliche-predigt-von,Rom 10
1599-fabricius-christliche-predigt-von,John 17
1599-fabricius-christliche-predigt-von,Phil 2
1599-fabricius-christliche-predigt-von,Phil 2
1599-fabricius-christliche-predigt-von,Ezek 16
1613-schilling-vier-predigten-von,Ps 34
1613-schilling-vier-predigten-von,1 Samuel 12
1613-schilling-vier-predigten-von,Rev 6
1613-schilling-vier-predigten-von,Rev 6
1613-schilling-vier-predigten-von,1 Thess 9
1613-schilling-vier-predigten-von,Lam 8
1613-schilling-vier-predigten-von,Ps 91
1613-schilling-vier-predigten-von,Isa 56
1613-schilling-vier-predigten-von,Ps 30
1613-schilling-vier-predigten-von,Isa 38
1613-schilling-vier-predigten-von,Heb 10
1613-schilling-vier-predigten-von,Col 3
1613-schilling-vier-predigten-von,Ps 84
1613-schilling-vier-predigten-von,Ps 27
1613-schilling-vier-predigten-von,2 Pet 50
1613-schilling-vier-predigten-von,2 Samuel 23
1613-schilling-vier-predigten-von,Isa 50
1613-schilling-vier-predigten-von,Eccl 5
1613-schilling-vier-predigten-von,Prov 1
1613-schilling-vier-predigten-von,Matt 28
1613-schilling-vier-predigten-von,1 John 5
1613-schilling-vier-predigten-von,Eph 13
1613-schilling-vier-predigten-von,John 20
1613-schilling-vier-predigten-von,Ps 26
1613-schilling-vier-predigten-von,Matt 7
1613-schilling-vier-predigten-von,Matt 12
1613-schilling-vier-predigten-von,Matt 18
1613-schilling-vier-predigten-von,Matt 22
1613-schilling-vier-predigten-von,Gal 1
1613-schilling-vier-predigten-von,Rom 12
1613-schilling-vier-predigten-von,Prov 25
1613-schilling-vier-predigten-von,2 Kings 6:21
1613-schilling-vier-predigten-von,John 4
1613-schilling-vier-predigten-von,Exodus 33
1613-schilling-vier-predigten-von,Numbers 6
1613-schilling-vier-predigten-von,Ps 4
1613-schilling-vier-predigten-von,Prov 10
1613-schilling-vier-predigten-von,Isa 2
1613-schilling-vier-predigten-von,Isa 49
1613-schilling-vier-predigten-von,2 Samuel 2
1613-schilling-vier-predigten-von,Ps 21
1613-schilling-vier-predigten-von,Genesis 21
1613-schilling-vier-predigten-von,Rom 3
1613-schilling-vier-predigten-von,1 Pet 2
1613-schilling-vier-predigten-von,Dan 4
1613-schilling-vier-predigten-von,John 17
1613-schilling-vier-predigten-von,Eph 3
1613-schilling-vier-predigten-von,1 Cor 1
1613-schilling-vier-predigten-von,John 21
1613-schilling-vier-predigten-von,Isa 40
1613-schilling-vier-predigten-von,Ezek 34
1613-schilling-vier-predigten-von,Acts 20
1613-schilling-vier-predigten-von,Heb 13
1613-schilling-vier-predigten-von,Wis 5
1613-schilling-vier-predigten-von,Isa 2
1613-schilling-vier-predigten-von,Prov 22
1613-schilling-vier-predigten-von,2 Tim 1
1613-schilling-vier-predigten-von,2 Cor 12
1613-schilling-vier-predigten-von,Prov 19
1613-schilling-vier-predigten-von,Mark 10
1613-schilling-vier-predigten-von,Exodus 20
1613-schilling-vier-predigten-von,Esther 2
1613-schilling-vier-predigten-von,Exodus 21
1613-schilling-vier-predigten-von,Leviticus 20
1613-schilling-vier-predigten-von,Deuteronomy 27
1613-schilling-vier-predigten-von,Prov 20
1613-schilling-vier-predigten-von,Genesis 4
1613-schilling-vier-predigten-von,1 Samuel 4
1613-schilling-vier-predigten-von,2 Samuel 18
1613-schilling-vier-predigten-von,Genesis 39
1613-schilling-vier-predigten-von,1 Samuel 18
1613-schilling-vier-predigten-von,Ps 1
1613-schilling-vier-predigten-von,Rom 8
1613-schilling-vier-predigten-von,Gal 4
1613-schilling-vier-predigten-von,Ps 23
1613-schilling-vier-predigten-von,Ps 2
1613-schilling-vier-predigten-von,Prov 30
1613-schilling-vier-predigten-von,John 1
1613-schilling-vier-predigten-von,John 2
1613-schilling-vier-predigten-von,John 14
1613-schilling-vier-predigten-von,Jas 4
1613-schilling-vier-predigten-von,Ps 102
1613-schilling-vier-predigten-von,Isa 64
1613-schilling-vier-predigten-von,Jer 23
1613-schilling-vier-predigten-von,Isa 53
1613-schilling-vier-predigten-von,Acts 10
1613-schilling-vier-predigten-von,Ps 32
1613-schilling-vier-predigten-von,2 Pet 2
1613-schilling-vier-predigten-von,Matt 25
1613-schilling-vier-predigten-von,Genesis 3
1613-schilling-vier-predigten-von,Luke 10
1613-schilling-vier-predigten-von,1 Pet 5
1613-schilling-vier-predigten-von,Rev 1
1613-schilling-vier-predigten-von,Mic 6
1613-schilling-vier-predigten-von,Ezek 33
1613-schilling-vier-predigten-von,John 6
1613-schilling-vier-predigten-von,1 Thess 4
1613-schilling-vier-predigten-von,1 Thess 5
1613-schilling-vier-predigten-von,Matt 5
1613-schilling-vier-predigten-von,John 1
1613-schilling-vier-predigten-von,2 Cor 1
1613-schilling-vier-predigten-von,Gal 1
1613-schilling-vier-predigten-von,Isa 1
1613-schilling-vier-predigten-von,Joel 2
1613-schilling-vier-predigten-von,Ps 5
1613-schilling-vier-predigten-von,1 John 1
1613-schilling-vier-predigten-von,Ps 51
1613-schilling-vier-predigten-von,Luke 18
1613-schilling-vier-predigten-von,John 2
1613-schilling-vier-predigten-von,Mic 7
1613-schilling-vier-predigten-von,Jer 4
1613-schilling-vier-predigten-von,Rev 21
1613-schilling-vier-predigten-von,Ps 13
1613-schilling-vier-predigten-von,Luke 17
1613-schilling-vier-predigten-von,John 5
1613-schilling-vier-predigten-von,Eph 4
1613-schilling-vier-predigten-von,Prov 28
1613-schilling-vier-predigten-von,Prov 4
1613-schilling-vier-predigten-von,Prov 31
1613-schilling-vier-predigten-von,Ps 15
1613-schilling-vier-predigten-von,Ps 24
1613-schilling-vier-predigten-von,1 Cor 14
1613-schilling-vier-predigten-von,Ps 133
1613-schilling-vier-predigten-von,Matt 18:19
1613-schilling-vier-predigten-von,Isa 1
1613-schilling-vier-predigten-von,Ps 34
1613-schilling-vier-predigten-von,Jas 5
1613-schilling-vier-predigten-von,Wis 4
1613-schilling-vier-predigten-von,Leviticus 26
1613-schilling-vier-predigten-von,Deuteronomy 28
1613-schilling-vier-predigten-von,Genesis 6
1613-schilling-vier-predigten-von,Jer 9
1613-schilling-vier-predigten-von,John 3
1613-schilling-vier-predigten-von,Jas 3
1613-schilling-vier-predigten-von,Prov 17
1613-schilling-vier-predigten-von,Ps 140
1613-schilling-vier-predigten-von,Ps 11
1613-schilling-vier-predigten-von,Ps 52
1613-schilling-vier-predigten-von,Prov 24
1613-schilling-vier-predigten-von,2 Samuel 18
1613-schilling-vier-predigten-von,Exodus 14
1613-schilling-vier-predigten-von,Esther 7
1613-schilling-vier-predigten-von,Rev 22
1613-schilling-vier-predigten-von,2 Kings 19
1613-schilling-vier-predigten-von,Matt 25
1613-schilling-vier-predigten-von,Ps 30
1613-schilling-vier-predigten-von,Jer 16
1613-schilling-vier-predigten-von,Matt 15
1613-schilling-vier-predigten-von,Ps 60
1613-schilling-vier-predigten-von,Ps 146
1613-schilling-vier-predigten-von,Ps 91
1613-schilling-vier-predigten-von,Ps 115
1613-schilling-vier-predigten-von,Exodus 32
1613-schilling-vier-predigten-von,Ps 74
1613-schilling-vier-predigten-von,Isa 48
1613-schilling-vier-predigten-von,Deuteronomy 14
1613-schilling-vier-predigten-von,Ps 71
1613-schilling-vier-predigten-von,Ps 32
1613-schilling-vier-predigten-von,Matt 5
1613-schilling-vier-predigten-von,Ps 65
1613-schilling-vier-predigten-von,Matt 6
1613-schilling-vier-predigten-von,Luke 11
1613-schilling-vier-predigten-von,Numbers 21
1613-schilling-vier-predigten-von,Ps 34
1613-schilling-vier-predigten-von,Ps 126
1613-schilling-vier-predigten-von,Ps 66
1613-schilling-vier-predigten-von,Eph 5
1613-schilling-vier-predigten-von,Ps 48
1613-schilling-vier-predigten-von,Ps 67
1613-schilling-vier-predigten-von,Jer 15
1613-schilling-vier-predigten-von,Joel 2
1613-schilling-vier-predigten-von,Ps 132
1613-schilling-vier-predigten-von,Ps 20
1613-schilling-vier-predigten-von,1 Tim 2
1613-schilling-vier-predigten-von,Ps 127
1613-schilling-vier-predigten-von,Ps 67
1613-schilling-vier-predigten-von,Luke 8
1613-schilling-vier-predigten-von,1 Thess 3
1613-schilling-vier-predigten-von,Ps 19
1613-schilling-vier-predigten-von,Ps 51
1613-schilling-vier-predigten-von,Ps 3
1613-schilling-vier-predigten-von,John 37
1613-schilling-vier-predigten-von,Job 37
1613-schilling-vier-predigten-von,Ps 147
1613-schilling-vier-predigten-von,Isa 55
1613-schilling-vier-predigten-von,Zech 10
1613-schilling-vier-predigten-von,Ps 115
1613-schilling-vier-predigten-von,Ps 33:9
1613-schilling-vier-predigten-von,Isa 55
1613-schilling-vier-predigten-von,Dan 7
1613-schilling-vier-predigten-von,Leviticus 19
1613-schilling-vier-predigten-von,Eccl 12
1613-schilling-vier-predigten-von,1 Pet 2
1613-schilling-vier-predigten-von,Rev 1
1613-schilling-vier-predigten-von,1 Cor 13
1613-schilling-vier-predigten-von,Rev 7
1613-schilling-vier-predigten-von,Isa 1
1613-schilling-vier-predigten-von,Ps 51
1613-schilling-vier-predigten-von,John 11
1613-schilling-vier-predigten-von,1 Samuel 15
1613-schilling-vier-predigten-von,John 6
1613-schilling-vier-predigten-von,1 Samuel 25
1613-schilling-vier-predigten-von,Ps 148
1613-schilling-vier-predigten-von,Eccl 12
1613-schilling-vier-predigten-von,John 17
1613-schilling-vier-predigten-von,Ps 103
1613-schilling-vier-predigten-von,Eph 5
1613-schilling-vier-predigten-von,Jer 18
1613-schilling-vier-predigten-von,Amos 3
1613-schilling-vier-predigten-von,Rev 6
1613-schilling-vier-predigten-von,Deuteronomy 18
1613-schilling-vier-predigten-von,Jer 5
1613-schilling-vier-predigten-von,Jer 27
1613-schilling-vier-predigten-von,1 Samuel 23
1613-schilling-vier-predigten-von,2 Samuel 12
1613-schilling-vier-predigten-von,2 Kings 24
1613-schilling-vier-predigten-von,1 Samuel 18
1613-schilling-vier-predigten-von,2 Samuel 20
1613-schilling-vier-predigten-von,2 Chronicles 24
1613-schilling-vier-predigten-von,Isa 3
1613-schilling-vier-predigten-von,Ezek 28
1613-schilling-vier-predigten-von,Nah 3
1613-schilling-vier-predigten-von,Ps 50
1613-schilling-vier-predigten-von,2 Kings 19
1613-schilling-vier-predigten-von,Isa 37
1613-schilling-vier-predigten-von,Ps 7
1613-schilling-vier-predigten-von,Jer 4
1613-schilling-vier-predigten-von,Ruth 1
1613-schilling-vier-predigten-von,Luke 19
1613-schilling-vier-predigten-von,Ps 78
1613-schilling-vier-predigten-von,1 Kings 7
1613-schilling-vier-predigten-von,Genesis 8
1613-schilling-vier-predigten-von,Ps 105
1613-schilling-vier-predigten-von,Ps 65
1613-schilling-vier-predigten-von,Ps 104
1613-schilling-vier-predigten-von,Ps 147
1613-schilling-vier-predigten-von,Hos 2
1613-schilling-vier-predigten-von,2 Samuel 21
1613-schilling-vier-predigten-von,Joshua 9
1613-schilling-vier-predigten-von,Jer 11
1613-schilling-vier-predigten-von,Joel 1
1613-schilling-vier-predigten-von,Lam 4
1613-schilling-vier-predigten-von,Jer 34:17
1613-schilling-vier-predigten-von,2 Samuel 24
1613-schilling-vier-predigten-von,Jer 14
1613-schilling-vier-predigten-von,Dan 9:5
1613-schilling-vier-predigten-von,Luke 15:18
1613-schilling-vier-predigten-von,Ps 18
1613-schilling-vier-predigten-von,1 Kings 19
1613-schilling-vier-predigten-von,Matt 25
1613-schilling-vier-predigten-von,Ps 91
1613-schilling-vier-predigten-von,Ps 115
1613-schilling-vier-predigten-von,Ps 119
1613-schilling-vier-predigten-von,Ps 90
1613-schilling-vier-predigten-von,2 Kings 21
1613-schilling-vier-predigten-von,Ezek 5
1613-schilling-vier-predigten-von,Exodus 9
1613-schilling-vier-predigten-von,Numbers 14
1613-schilling-vier-predigten-von,2 Kings 9
1613-schilling-vier-predigten-von,Exodus 5
1613-schilling-vier-predigten-von,1 Cor 11
1613-schilling-vier-predigten-von,Numbers 16
1613-schilling-vier-predigten-von,Numbers 11
1613-schilling-vier-predigten-von,Ps 106
1613-schilling-vier-predigten-von,Ps 91
1613-schilling-vier-predigten-von,Matt 26
1613-schilling-vier-predigten-von,Matt 3
1613-schilling-vier-predigten-von,1 Cor 6
1613-schilling-vier-predigten-von,1 John 5
1613-schilling-vier-predigten-von,Jas 5
1613-schilling-vier-predigten-von,Luke 19
1613-schilling-vier-predigten-von,Ps 49
1613-schilling-vier-predigten-von,Eccl 9
1613-schilling-vier-predigten-von,John 9
1613-schilling-vier-predigten-von,Luke 6
1613-schilling-vier-predigten-von,Ps 5
1613-schilling-vier-predigten-von,Ps 70
1613-schilling-vier-predigten-von,Ps 68
1613-schilling-vier-predigten-von,Ps 116
1613-schilling-vier-predigten-von,Ps 32
1613-schilling-vier-predigten-von,Jude 16
1613-schilling-vier-predigten-von,Rom 12
1613-schilling-vier-predigten-von,Ps 9
1613-schilling-vier-predigten-von,Ps 48
1613-schilling-vier-predigten-von,Phil 2
1613-schilling-vier-predigten-von,Ps 89
1613-schilling-vier-predigten-von,Ps 37
1613-schilling-vier-predigten-von,Ps 81
1613-schilling-vier-predigten-von,Eccl 11
1613-schilling-vier-predigten-von,John 5
1613-schilling-vier-predigten-von,Matt 6
1613-schilling-vier-predigten-von,Ps 37
1613-schilling-vier-predigten-von,Ps 40
1613-schilling-vier-predigten-von,Isa 26
1613-schilling-vier-predigten-von,Rom 5
1613-schilling-vier-predigten-von,Ps 10
1613-schilling-vier-predigten-von,Ps 40
1613-schilling-vier-predigten-von,Ps 57:2
1613-schilling-vier-predigten-von,Ps 31
1613-schilling-vier-predigten-von,John 7
1613-schilling-vier-predigten-von,Ps 35
1613-schilling-vier-predigten-von,Ps 46
1613-schilling-vier-predigten-von,Matt 5
1613-schilling-vier-predigten-von,Ps 130
1613-schilling-vier-predigten-von,John 11
1613-schilling-vier-predigten-von,John 11
1613-schilling-vier-predigten-von,John 5
1613-schilling-vier-predigten-von,Col 1
1613-schilling-vier-predigten-von,Rev 1
1613-schilling-vier-predigten-von,1 Cor 15
1613-schilling-vier-predigten-von,1 John 3
1613-schilling-vier-predigten-von,Heb 2
1613-schilling-vier-predigten-von,Rev 1
1613-schilling-vier-predigten-von,Ps 3
1613-schilling-vier-predigten-von,Ps 71
1613-schilling-vier-predigten-von,Ps 117
1613-schilling-vier-predigten-von,Ps 103
1613-schilling-vier-predigten-von,Ps 119
1613-schilling-vier-predigten-von,Ps 132
1613-schilling-vier-predigten-von,Ps 35
1613-schilling-vier-predigten-von,Ps 59
1613-schilling-vier-predigten-von,Ps 90
1613-schilling-vier-predigten-von,Ps 105
1613-schilling-vier-predigten-von,Eccl 5
1613-schilling-vier-predigten-von,Ps 121
1613-schilling-vier-predigten-von,Jer 3
1613-schilling-vier-predigten-von,John 16
1613-schilling-vier-predigten-von,Luke 7
1613-schilling-vier-predigten-von,Luke 18
1613-schilling-vier-predigten-von,1 John 2
1613-schilling-vier-predigten-von,Eph 2
1613-schilling-vier-predigten-von,Ps 105
1613-schilling-vier-predigten-von,Ps 141
1613-schilling-vier-predigten-von,Ps 55
1613-schilling-vier-predigten-von,Dan 6
1613-schilling-vier-predigten-von,John 1
1613-schilling-vier-predigten-von,1 Tim 6
1613-schilling-vier-predigten-von,Rev 3
1613-schilling-vier-predigten-von,John 16
1613-schilling-vier-predigten-von,Ps 63
1613-schilling-vier-predigten-von,Ps 6
1613-schilling-vier-predigten-von,Ps 90
1613-schilling-vier-predigten-von,Ps 123
1613-schilling-vier-predigten-von,Ps 32
1613-schilling-vier-predigten-von,Ps 25
1613-schilling-vier-predigten-von,Ps 143
1613-schilling-vier-predigten-von,Jer 31
1613-schilling-vier-predigten-von,Ps 143
1613-schilling-vier-predigten-von,2 Samuel 28
1613-schilling-vier-predigten-von,Acts 15
1613-schilling-vier-predigten-von,Matt 9
1613-schilling-vier-predigten-von,Mark 5
1613-schilling-vier-predigten-von,Eph 2
1613-schilling-vier-predigten-von,Jas 5
1613-schilling-vier-predigten-von,1 Pet 5
1613-schilling-vier-predigten-von,1 John 5
1613-schilling-vier-predigten-von,Rom 14
1613-schilling-vier-predigten-von,2 Thess 3
1613-schilling-vier-predigten-von,Luke 17
1613-schilling-vier-predigten-von,Mark 9
1613-schilling-vier-predigten-von,Deuteronomy 6
1613-schilling-vier-predigten-von,1 John 4
1613-schilling-vier-predigten-von,1 John 4
1613-schilling-vier-predigten-von,Job 13
1613-schilling-vier-predigten-von,Ps 25
1613-schilling-vier-predigten-von,Ps 9
1613-schilling-vier-predigten-von,Rom 5
1613-schilling-vier-predigten-von,Jas 1
1613-schilling-vier-predigten-von,Heb 10
1613-schilling-vier-predigten-von,Heb 9
1613-schilling-vier-predigten-von,Rev 14
1613-schilling-vier-predigten-von,Ps 104
1613-schilling-vier-predigten-von,Ps 122
1613-schilling-vier-predigten-von,Ps 28
1613-schilling-vier-predigten-von,Ps 132:9
1613-schilling-vier-predigten-von,Ps 28
1613-schilling-vier-predigten-von,Matt 9
1613-schilling-vier-predigten-von,John 4
1613-schilling-vier-predigten-von,Jas 5
1613-schilling-vier-predigten-von,Matt 8
1613-schilling-vier-predigten-von,1 Cor 3
1613-schilling-vier-predigten-von,2 Cor 6
1613-schilling-vier-predigten-von,1 Kings 19
1613-schilling-vier-predigten-von,Luke 22
1613-schilling-vier-predigten-von,Dan 13
1613-schilling-vier-predigten-von,Acts 16
1613-schilling-vier-predigten-von,Matt 3
1613-schilling-vier-predigten-von,Eph 1
1613-schilling-vier-predigten-von,John 1
1613-schilling-vier-predigten-von,Eph 3
1613-schilling-vier-predigten-von,Ps 71
1613-schilling-vier-predigten-von,Ps 139
1613-schilling-vier-predigten-von,Eph 1
1613-schilling-vier-predigten-von,Col 1
1613-schilling-vier-predigten-von,1 Thess 1
1613-schilling-vier-predigten-von,Heb 2
1613-schilling-vier-predigten-von,Ps 13
1613-schilling-vier-predigten-von,1 Cor 6
1613-schilling-vier-predigten-von,Matt 28
1613-schilling-vier-predigten-von,1 Cor 11
1613-schilling-vier-predigten-von,Ps 111
1613-schilling-vier-predigten-von,Matt 16
1613-schilling-vier-predigten-von,Jas 1
1613-schilling-vier-predigten-von,Eph 6
1613-schilling-vier-predigten-von,Ps 50
1613-schilling-vier-predigten-von,Exodus 15
1613-schilling-vier-predigten-von,Exodus 34
1613-schilling-vier-predigten-von,Judges 5
1613-schilling-vier-predigten-von,Luke 1
1613-schilling-vier-predigten-von,Ps 92
1613-schilling-vier-predigten-von,Ps 34
1613-schilling-vier-predigten-von,Genesis 30
1613-schilling-vier-predigten-von,Numbers 11
1613-schilling-vier-predigten-von,Judges 2
1613-schilling-vier-predigten-von,1 Chronicles 99
1613-schilling-vier-predigten-von,2 Samuel 14
1613-schilling-vier-predigten-von,John 1
1613-schilling-vier-predigten-von,Ps 68
1613-schilling-vier-predigten-von,Dan 13
1613-schilling-vier-predigten-von,John 9
1613-schilling-vier-predigten-von,Leviticus 26
1613-schilling-vier-predigten-von,Jer 7
1613-schilling-vier-predigten-von,Ezek 14
1613-schilling-vier-predigten-von,Genesis 26
1613-schilling-vier-predigten-von,2 Cor 11
1613-schilling-vier-predigten-von,Prov 1
1613-schilling-vier-predigten-von,Deuteronomy 32
1613-schilling-vier-predigten-von,Matt 24
1613-schilling-vier-predigten-von,Matt 10
1613-schilling-vier-predigten-von,Genesis 19
1613-schilling-vier-predigten-von,Genesis 41
1613-schilling-vier-predigten-von,Exodus 13
1613-schilling-vier-predigten-von,Dan 3
1613-schilling-vier-predigten-von,2 Kings 20
1613-schilling-vier-predigten-von,Isa 28
1613-schilling-vier-predigten-von,Isa 26
1613-schilling-vier-predigten-von,Ps 34
1613-schilling-vier-predigten-von,Genesis 12
1613-schilling-vier-predigten-von,Genesis 37
1613-schilling-vier-predigten-von,1 Kings 17
1613-schilling-vier-predigten-von,Luke 4
1613-schilling-vier-predigten-von,1 Kings 18
1613-schilling-vier-predigten-von,Jer 36
1613-schilling-vier-predigten-von,John 6
1613-schilling-vier-predigten-von,2 Kings 6
1613-schilling-vier-predigten-von,Ps 77
1613-schilling-vier-predigten-von,Eph 3
1613-schilling-vier-predigten-von,1 Samuel 2
1613-schilling-vier-predigten-von,Job 42
1613-schilling-vier-predigten-von,Phil 1
1613-schilling-vier-predigten-von,Ps 50
1613-schilling-vier-predigten-von,John 7
1613-schilling-vier-predigten-von,Amos 8
1613-schilling-vier-predigten-von,Jer 15
1613-schilling-vier-predigten-von,Ezek 6
1613-schilling-vier-predigten-von,Genesis 14
1613-schilling-vier-predigten-von,1 Samuel 17
1613-schilling-vier-predigten-von,2 Kings 16
1613-schilling-vier-predigten-von,Jer 45
1613-schilling-vier-predigten-von,2 Kings 23
1613-schilling-vier-predigten-von,Ps 46
1613-schilling-vier-predigten-von,Prov 18
1613-schilling-vier-predigten-von,Ps 41
1613-schilling-vier-predigten-von,Ps 15
1613-schilling-vier-predigten-von,1 Samuel 22
1613-schilling-vier-predigten-von,Esther 7
1613-schilling-vier-predigten-von,Ps 35
1613-schilling-vier-predigten-von,Ps 112
1613-schilling-vier-predigten-von,1 Kings 17
1613-schilling-vier-predigten-von,1 Kings 13
1613-schilling-vier-predigten-von,Ps 91
1613-schilling-vier-predigten-von,1 Cor 15
1613-schilling-vier-predigten-von,Ps 91
1613-schilling-vier-predigten-von,Rom 10
1613-schilling-vier-predigten-von,Ps 140
1613-schilling-vier-predigten-von,Ps 109
1613-schilling-vier-predigten-von,Ps 111
1616-titius-eine-christliche-und,Matt 25
1616-titius-eine-christliche-und,Prov 25
1616-titius-eine-christliche-und,Ps 78
1616-titius-eine-christliche-und,Exodus 8
1616-titius-eine-christliche-und,Matt 8
1616-titius-eine-christliche-und,Exodus 22
1616-titius-eine-christliche-und,Titus 13
1616-titius-eine-christliche-und,Exodus 9
1616-titius-eine-christliche-und,1 Samuel 12
1616-titius-eine-christliche-und,Joshua 10
1616-titius-eine-christliche-und,Genesis 19
1616-titius-eine-christliche-und,Ps 7
1616-titius-eine-christliche-und,Genesis 7
1616-titius-eine-christliche-und,2 Thess 1
1616-titius-eine-christliche-und,John 91
1616-titius-eine-christliche-und,Jas 5
1658-tappe-der-mensch-weiss,2 Samuel 1
1658-tappe-der-mensch-weiss,1 Samuel 2
1658-tappe-der-mensch-weiss,1 Samuel 3
1658-tappe-der-mensch-weiss,2 Kings 21
1658-tappe-der-mensch-weiss,Eccl 9
1658-tappe-der-mensch-weiss,Jas 4
1658-tappe-der-mensch-weiss,Wis 9
1658-tappe-der-mensch-weiss,Ps 146
1658-tappe-der-mensch-weiss,Prov 16
1658-tappe-der-mensch-weiss,Eccl 18
1658-tappe-der-mensch-weiss,Wis 3
1658-tappe-der-mensch-weiss,Job 14
1658-tappe-der-mensch-weiss,2 Samuel 7
1658-tappe-der-mensch-weiss,2 Samuel 7
1658-tappe-der-mensch-weiss,Matt 26
1658-tappe-der-mensch-weiss,Jer 10
1658-tappe-der-mensch-weiss,Luke 12
1658-tappe-der-mensch-weiss,Heb 9
1658-tappe-der-mensch-weiss,Luke 7
1658-tappe-der-mensch-weiss,Jude 16
1658-tappe-der-mensch-weiss,2 Samuel 12
1658-tappe-der-mensch-weiss,Luke 16
1658-tappe-der-mensch-weiss,Matt 24
1658-tappe-der-mensch-weiss,Phil 2
1658-tappe-der-mensch-weiss,Mark 13
1658-tappe-der-mensch-weiss,Matt 26
1658-tappe-der-mensch-weiss,Ps 39
1658-tappe-der-mensch-weiss,Ps 90
1658-tappe-der-mensch-weiss,1 Kings 19
1658-tappe-der-mensch-weiss,Luke 2
1658-tappe-der-mensch-weiss,1 Kings 19
1658-tappe-der-mensch-weiss,Luke 2
1658-tappe-der-mensch-weiss,Phil 1
1658-tappe-der-mensch-weiss,Rom 6
1658-tappe-der-mensch-weiss,Sir 41
1658-tappe-der-mensch-weiss,Eccl 12
1658-tappe-der-mensch-weiss,Jer 31
1658-tappe-der-mensch-weiss,Matt 2
1658-tappe-der-mensch-weiss,Genesis 37
1658-tappe-der-mensch-weiss,Ps 14
1658-tappe-der-mensch-weiss,Ps 7
1658-tappe-der-mensch-weiss,Genesis 19
1658-tappe-der-mensch-weiss,Genesis 4
1658-tappe-der-mensch-weiss,1 Samuel 4
1658-tappe-der-mensch-weiss,2 Chronicles 24
1658-tappe-der-mensch-weiss,Matt 14
1658-tappe-der-mensch-weiss,Ps 11
1658-tappe-der-mensch-weiss,Ps 5
1658-tappe-der-mensch-weiss,Job 1
1658-tappe-der-mensch-weiss,Rom 3
1658-tappe-der-mensch-weiss,Matt 10
1658-tappe-der-mensch-weiss,John 9
1658-tappe-der-mensch-weiss,Jer 30
1658-tappe-der-mensch-weiss,John 1
1658-tappe-der-mensch-weiss,John 9
1658-tappe-der-mensch-weiss,Luke 23
1658-tappe-der-mensch-weiss,Rom 14
1658-tappe-der-mensch-weiss,1 Cor 10
1658-tappe-der-mensch-weiss,Luke 13
1658-tappe-der-mensch-weiss,Matt 7
1658-tappe-der-mensch-weiss,1 Thess 17
1658-tappe-der-mensch-weiss,Ps 61
1658-tappe-der-mensch-weiss,Eccl 7
1658-tappe-der-mensch-weiss,Genesis 35
1658-tappe-der-mensch-weiss,1 Samuel 6
1658-tappe-der-mensch-weiss,2 Samuel 24
1658-tappe-der-mensch-weiss,1 Kings 13
1658-tappe-der-mensch-weiss,1 Samuel 18
1658-tappe-der-mensch-weiss,Eph 4
1658-tappe-der-mensch-weiss,Ps 91
1658-tappe-der-mensch-weiss,Ps 91
1664-heland-est-visa-dei,Exodus 16
1664-heland-est-visa-dei,Ps 46
1664-heland-est-visa-dei,Jer 18
1664-heland-est-visa-dei,Jer 29
1664-heland-est-visa-dei,Deuteronomy 18
1664-heland-est-visa-dei,Leviticus 19
1664-heland-est-visa-dei,Ps 18
1664-heland-est-visa-dei,Ps 29
1664-heland-est-visa-dei,Isa 30
1664-heland-est-visa-dei,Jer 10
1664-heland-est-visa-dei,Ps 77
1664-heland-est-visa-dei,Joshua 10
1664-heland-est-visa-dei,1 Samuel 7
1664-heland-est-visa-dei,Exodus 20
1664-heland-est-visa-dei,1 Samuel 12
1664-heland-est-visa-dei,John 36
1664-heland-est-visa-dei,Rom 1
1664-heland-est-visa-dei,Ps 93
1664-heland-est-visa-dei,John 40
1664-heland-est-visa-dei,Exodus 9
1664-heland-est-visa-dei,Ps 148
1664-heland-est-visa-dei,Mark 3
1664-heland-est-visa-dei,1 Samuel 2
1664-heland-est-visa-dei,Ps 11
1664-heland-est-visa-dei,Isa 29
1664-heland-est-visa-dei,Deuteronomy 22
1664-heland-est-visa-dei,Exodus 18
1664-heland-est-visa-dei,Deuteronomy 1
1664-heland-est-visa-dei,Wis 6
1664-heland-est-visa-dei,2 Chronicles 19
1664-heland-est-visa-dei,Job 37
1664-heland-est-visa-dei,Isa 5
1664-heland-est-visa-dei,Ps 30
1664-heland-est-visa-dei,Exodus 9
1664-heland-est-visa-dei,Mark 4
1664-heland-est-visa-dei,1 Kings 1
1664-heland-est-visa-dei,Ps 148
1664-heland-est-visa-dei,Joel 2
1664-heland-est-visa-dei,Isa 54
1664-heland-est-visa-dei,Job 38
1664-heland-est-visa-dei,Ps 91
1664-heland-est-visa-dei,Wis 3
1664-heland-est-visa-dei,Isa 4
1664-heland-est-visa-dei,Ps 18
1664-heland-est-visa-dei,Prov 18
1664-heland-est-visa-dei,Ps 91
1664-heland-est-visa-dei,Rom 8
1664-heland-est-visa-dei,Isa 43
1664-heland-est-visa-dei,Job 42
1664-heland-est-visa-dei,Ps 79
1664-heland-est-visa-dei,2 Kings 2
1664-heland-est-visa-dei,Job 1
1664-heland-est-visa-dei,Leviticus 10
1664-heland-est-visa-dei,Ps 49
1664-heland-est-visa-dei,Rev 21
1664-heland-est-visa-dei,Ps 104
1664-heland-est-visa-dei,Lam 3
1664-heland-est-visa-dei,Isa 12
1664-heland-est-visa-dei,Phil 2
1664-heland-est-visa-dei,Ps 68
1664-heland-est-visa-dei,Isa 66
1664-heland-est-visa-dei,2 Pet 3
1664-heland-est-visa-dei,Rev 16
1664-heland-est-visa-dei,Ps 50
1666-wessel-des-himmel-koenigs-wetter-geschuetze,1 Thess 5
1666-wessel-des-himmel-koenigs-wetter-geschuetze,1 Cor 14
1666-wessel-des-himmel-koenigs-wetter-geschuetze,1 Cor 12
1666-wessel-des-himmel-koenigs-wetter-geschuetze,1 Kings 1
1666-wessel-des-himmel-koenigs-wetter-geschuetze,Isa 1
1666-wessel-des-himmel-koenigs-wetter-geschuetze,Joel 1
1666-wessel-des-himmel-koenigs-wetter-geschuetze,Ps 17
1666-wessel-des-himmel-koenigs-wetter-geschuetze,1 Samuel 8
1666-wessel-des-himmel-koenigs-wetter-geschuetze,Phil 5
1666-wessel-des-himmel-koenigs-wetter-geschuetze,Mark 1
1666-wessel-des-himmel-koenigs-wetter-geschuetze,2 Samuel 6
1666-wessel-des-himmel-koenigs-wetter-geschuetze,1 Cor 6
1666-wessel-des-himmel-koenigs-wetter-geschuetze,Rom 13:13
1666-wessel-des-himmel-koenigs-wetter-geschuetze,1 Cor 15
1666-wessel-des-himmel-koenigs-wetter-geschuetze,Zech 1
1666-wessel-des-himmel-koenigs-wetter-geschuetze,1 Pet 5
1666-wessel-des-himmel-koenigs-wetter-geschuetze,Jer 11
1666-wessel-des-himmel-koenigs-wetter-geschuetze,1 Samuel 6
1666-wessel-des-himmel-koenigs-wetter-geschuetze,Hab 1
1666-wessel-des-himmel-koenigs-wetter-geschuetze,1 Pet 5
1666-wessel-des-himmel-koenigs-wetter-geschuetze,1 Samuel 19
1666-wessel-des-himmel-koenigs-wetter-geschuetze,Ps 2
1666-wessel-des-himmel-koenigs-wetter-geschuetze,Eph 111
1666-wessel-des-himmel-koenigs-wetter-geschuetze,Joel 11
1666-wessel-des-himmel-koenigs-wetter-geschuetze,Mark 18
1666-wessel-des-himmel-koenigs-wetter-geschuetze,1 Samuel 115
1666-wessel-des-himmel-koenigs-wetter-geschuetze,1 Samuel 7
1666-wessel-des-himmel-koenigs-wetter-geschuetze,Luke 12
1666-wessel-des-himmel-koenigs-wetter-geschuetze,1 Thess 4
1720-pregitzer-das-von-gott,Hag 2:18
1720-pregitzer-das-von-gott,Joel 2
1720-pregitzer-das-von-gott,1 Tim 1
1720-pregitzer-das-von-gott,Dan 9
1720-pregitzer-das-von-gott,Ps 6
1720-pregitzer-das-von-gott,Ps 25
1720-pregitzer-das-von-gott,Joel 1
1720-pregitzer-das-von-gott,Hag 2:18
1720-pregitzer-das-von-gott,Amos 5:14
1720-pregitzer-das-von-gott,Hos 14:3
1720-pregitzer-das-von-gott,1 Samuel 7
1720-pregitzer-das-von-gott,1 Samuel 12
1720-pregitzer-das-von-gott,1 Kings 1
1720-pregitzer-das-von-gott,Ps 147
1720-pregitzer-das-von-gott,Ps 17
1720-pregitzer-das-von-gott,Jer 2
1720-pregitzer-das-von-gott,1 Kings 1
1720-pregitzer-das-von-gott,Ps 6
1720-pregitzer-das-von-gott,John 3
1720-pregitzer-das-von-gott,Isa 48
1720-pregitzer-das-von-gott,Ps 11
1720-pregitzer-das-von-gott,Jer 1
1720-pregitzer-das-von-gott,Nah 1
1720-pregitzer-das-von-gott,Ps 50
1720-pregitzer-das-von-gott,Jer 18
1720-pregitzer-das-von-gott,John 2
1720-pregitzer-das-von-gott,Jer 17
1720-pregitzer-das-von-gott,Amos 4
1720-pregitzer-das-von-gott,Ps 107
1720-pregitzer-das-von-gott,Mal 3
1720-pregitzer-das-von-gott,Gal 6
1720-pregitzer-das-von-gott,Ps 5
1720-pregitzer-das-von-gott,Ps 5
1720-pregitzer-das-von-gott,Ps 137
1720-pregitzer-das-von-gott,Heb 13
1720-pregitzer-das-von-gott,Job 1
1720-pregitzer-das-von-gott,Isa 54
1720-pregitzer-das-von-gott,1 Pet 4
1720-pregitzer-das-von-gott,Ps 145
1720-pregitzer-das-von-gott,Job 9
1720-pregitzer-das-von-gott,Ps 90
1720-pregitzer-das-von-gott,Mic 7
1720-pregitzer-das-von-gott,Ezek 18
1720-pregitzer-das-von-gott,2 Pet 3
1720-pregitzer-das-von-gott,Isa 8
1720-pregitzer-das-von-gott,Matt 8
1720-pregitzer-das-von-gott,Isa 1
1720-pregitzer-das-von-gott,Isa 55
1720-pregitzer-das-von-gott,Ps 95
1720-pregitzer-das-von-gott,Heb 4
1720-pregitzer-das-von-gott,Jer 18
1720-pregitzer-das-von-gott,Matt 24
1720-pregitzer-das-von-gott,Ps 107
1720-pregitzer-das-von-gott,Luke 21
1720-pregitzer-das-von-gott,Eccl 12
1720-pregitzer-das-von-gott,1 Pet 1
1720-pregitzer-das-von-gott,Rom 1
1720-pregitzer-das-von-gott,2 Thess 1
1720-pregitzer-das-von-gott,Ps 57
1720-pregitzer-das-von-gott,Col 3
1720-pregitzer-das-von-gott,1 John 3
1720-pregitzer-das-von-gott,Ps 68
1720-pregitzer-das-von-gott,Jer 6
1720-tafinger-der-ausbruch-goettlicher,Col 1
1637-schilling-drey-christliche-thewrung,Ps 7
1637-schilling-drey-christliche-thewrung,1 Kings 19
1637-schilling-drey-christliche-thewrung,Ps 21
1637-schilling-drey-christliche-thewrung,Jonah 4
1637-schilling-drey-christliche-thewrung,Jer 5
1637-schilling-drey-christliche-thewrung,John 3
1637-schilling-drey-christliche-thewrung,Matt 4
1637-schilling-drey-christliche-thewrung,Luke 22
1637-schilling-drey-christliche-thewrung,Jas 1
1637-schilling-drey-christliche-thewrung,Esther 9
1637-schilling-drey-christliche-thewrung,Ps 119
1637-schilling-drey-christliche-thewrung,Ps 91
1637-schilling-drey-christliche-thewrung,1 Kings 22
1637-schilling-drey-christliche-thewrung,Ps 19
1637-schilling-drey-christliche-thewrung,Judges 4
1637-schilling-drey-christliche-thewrung,Ps 91
1637-schilling-drey-christliche-thewrung,Deuteronomy 28
1637-schilling-drey-christliche-thewrung,1 Kings 10
1637-schilling-drey-christliche-thewrung,1 Kings 1
1637-schilling-drey-christliche-thewrung,Genesis 27
1637-schilling-drey-christliche-thewrung,John 14
1637-schilling-drey-christliche-thewrung,Rev 21
1637-schilling-drey-christliche-thewrung,Ps 69
1637-schilling-drey-christliche-thewrung,Ps 32
1637-schilling-drey-christliche-thewrung,Rev 21
1637-schilling-drey-christliche-thewrung,Ps 4
1637-schilling-drey-christliche-thewrung,Ps 116
1637-schilling-drey-christliche-thewrung,Matt 6
1637-schilling-drey-christliche-thewrung,Amos 6
1637-schilling-drey-christliche-thewrung,Ps 144
1637-schilling-drey-christliche-thewrung,Amos 8
1637-schilling-drey-christliche-thewrung,2 Tim 2
1637-schilling-drey-christliche-thewrung,1 Cor 10
1637-schilling-drey-christliche-thewrung,John 14
1637-schilling-drey-christliche-thewrung,Deuteronomy 25
1637-schilling-drey-christliche-thewrung,Heb 12
1637-schilling-drey-christliche-thewrung,Genesis 19
1637-schilling-drey-christliche-thewrung,Numbers 16
1637-schilling-drey-christliche-thewrung,2 Kings 1
1637-schilling-drey-christliche-thewrung,Dan 5
1637-schilling-drey-christliche-thewrung,Exodus 7
1637-schilling-drey-christliche-thewrung,Ps 105
1637-schilling-drey-christliche-thewrung,Exodus 15
1637-schilling-drey-christliche-thewrung,1 Samuel 21
1637-schilling-drey-christliche-thewrung,Ps 7
1637-schilling-drey-christliche-thewrung,Ps 136
1637-schilling-drey-christliche-thewrung,Heb 10
1637-schilling-drey-christliche-thewrung,Joshua 8
1637-schilling-drey-christliche-thewrung,1 Kings 13
1637-schilling-drey-christliche-thewrung,Numbers 21:15
1637-schilling-drey-christliche-thewrung,2 Kings 13
1637-schilling-drey-christliche-thewrung,Judges 1
1637-schilling-drey-christliche-thewrung,Dan 2
1637-schilling-drey-christliche-thewrung,Job 2
1637-schilling-drey-christliche-thewrung,Genesis 47
1637-schilling-drey-christliche-thewrung,Ps 105
1637-schilling-drey-christliche-thewrung,Exodus 9
1637-schilling-drey-christliche-thewrung,Leviticus 26
1637-schilling-drey-christliche-thewrung,2 Kings 6
1637-schilling-drey-christliche-thewrung,Jer 4
1637-schilling-drey-christliche-thewrung,2 Samuel 17
1637-schilling-drey-christliche-thewrung,Genesis 42
1637-schilling-drey-christliche-thewrung,2 Kings 8
1637-schilling-drey-christliche-thewrung,Job 22
1637-schilling-drey-christliche-thewrung,Job 30
1637-schilling-drey-christliche-thewrung,1 Kings 28
1637-schilling-drey-christliche-thewrung,1 Kings 20
1637-schilling-drey-christliche-thewrung,1 Kings 7
1637-schilling-drey-christliche-thewrung,Ruth 1
1637-schilling-drey-christliche-thewrung,1 Kings 8
1637-schilling-drey-christliche-thewrung,Genesis 3
1637-schilling-drey-christliche-thewrung,1 Kings 14
1637-schilling-drey-christliche-thewrung,1 Kings 13
1637-schilling-drey-christliche-thewrung,Heb 10
1637-schilling-drey-christliche-thewrung,Job 14
1637-schilling-drey-christliche-thewrung,2 Kings 7
1637-schilling-drey-christliche-thewrung,Jer 3
1637-schilling-drey-christliche-thewrung,Dan 2
1637-schilling-drey-christliche-thewrung,Amos 5
1637-schilling-drey-christliche-thewrung,Ps 77
1637-schilling-drey-christliche-thewrung,Luke 13
1637-schilling-drey-christliche-thewrung,Joshua 8
1637-schilling-drey-christliche-thewrung,Ps 76
1637-schilling-drey-christliche-thewrung,2 Samuel 17
1637-schilling-drey-christliche-thewrung,Joshua 2
1637-schilling-drey-christliche-thewrung,Dan 4
1637-schilling-drey-christliche-thewrung,Isa 28
1637-schilling-drey-christliche-thewrung,Nah 3
1637-schilling-drey-christliche-thewrung,Amos 8
1637-schilling-drey-christliche-thewrung,Ps 10
1637-schilling-drey-christliche-thewrung,Prov 1
1637-schilling-drey-christliche-thewrung,Rev 3
1637-schilling-drey-christliche-thewrung,Ps 10
1637-schilling-drey-christliche-thewrung,Ps 50
1637-schilling-drey-christliche-thewrung,Mal 3
1637-schilling-drey-christliche-thewrung,Isa 28
1637-schilling-drey-christliche-thewrung,Genesis 19
1637-schilling-drey-christliche-thewrung,Ezek 16
1637-schilling-drey-christliche-thewrung,Ps 95
1637-schilling-drey-christliche-thewrung,Numbers 2
1637-schilling-drey-christliche-thewrung,Joshua 23
1637-schilling-drey-christliche-thewrung,Ps 1
1637-schilling-drey-christliche-thewrung,Ps 3
1637-schilling-drey-christliche-thewrung,Isa 59
1637-schilling-drey-christliche-thewrung,Genesis 7
1637-schilling-drey-christliche-thewrung,Genesis 19
1637-schilling-drey-christliche-thewrung,Numbers 16
1637-schilling-drey-christliche-thewrung,Heb 6
1637-schilling-drey-christliche-thewrung,Isa 5
1637-schilling-drey-christliche-thewrung,Rom 2
1637-schilling-drey-christliche-thewrung,Rom 11
1637-schilling-drey-christliche-thewrung,2 Cor 5
1637-schilling-drey-christliche-thewrung,Ps 16
1637-schilling-drey-christliche-thewrung,1 Thess 4
1637-schilling-drey-christliche-thewrung,Rev 14
1637-schilling-drey-christliche-thewrung,Luke 16
1637-schilling-drey-christliche-thewrung,Isa 30
1637-schilling-drey-christliche-thewrung,Matt 22
1637-schilling-drey-christliche-thewrung,Isa 66
1637-schilling-drey-christliche-thewrung,Exodus 28
1637-schilling-drey-christliche-thewrung,2 Chronicles 20
1637-schilling-drey-christliche-thewrung,Zech 2
1637-schilling-drey-christliche-thewrung,Ps 91
1637-schilling-drey-christliche-thewrung,John 6
1637-schilling-drey-christliche-thewrung,Numbers 11
1637-schilling-drey-christliche-thewrung,Ps 36
1637-schilling-drey-christliche-thewrung,Ps 117
1637-schilling-drey-christliche-thewrung,Matt 6
1637-schilling-drey-christliche-thewrung,Isa 56
1637-schilling-drey-christliche-thewrung,Genesis 26
1637-schilling-drey-christliche-thewrung,2 Kings 6
1637-schilling-drey-christliche-thewrung,Ps 59
1637-schilling-drey-christliche-thewrung,Isa 5
1637-schilling-drey-christliche-thewrung,2 Kings 6
1637-schilling-drey-christliche-thewrung,Rom 8
1637-schilling-drey-christliche-thewrung,Joshua 6
1637-schilling-drey-christliche-thewrung,Exodus 15
1637-schilling-drey-christliche-thewrung,John 19
1637-schilling-drey-christliche-thewrung,Isa 2
1637-schilling-drey-christliche-thewrung,Exodus 14
1637-schilling-drey-christliche-thewrung,Isa 24
1637-schilling-drey-christliche-thewrung,Ezek 33
1637-schilling-drey-christliche-thewrung,Isa 54
1637-schilling-drey-christliche-thewrung,Ps 34
1637-schilling-drey-christliche-thewrung,Ps 77
1637-schilling-drey-christliche-thewrung,Isa 49
1637-schilling-drey-christliche-thewrung,Ezek 13
1637-schilling-drey-christliche-thewrung,Mic 7
1637-schilling-drey-christliche-thewrung,Ezek 32
1637-schilling-drey-christliche-thewrung,Exodus 31
1637-schilling-drey-christliche-thewrung,1 Samuel 15
1637-schilling-drey-christliche-thewrung,Ps 39
1637-schilling-drey-christliche-thewrung,Genesis 20
1637-schilling-drey-christliche-thewrung,Joshua 7
1637-schilling-drey-christliche-thewrung,2 Samuel 12
1637-schilling-drey-christliche-thewrung,Leviticus 5
1637-schilling-drey-christliche-thewrung,Ps 51
1637-schilling-drey-christliche-thewrung,Ps 51
1637-schilling-drey-christliche-thewrung,Genesis 6
1637-schilling-drey-christliche-thewrung,Isa 59
1637-schilling-drey-christliche-thewrung,1 Samuel 14
1637-schilling-drey-christliche-thewrung,Genesis 4
1637-schilling-drey-christliche-thewrung,Ezek 17
1637-schilling-drey-christliche-thewrung,Isa 3
1637-schilling-drey-christliche-thewrung,Exodus 28
1637-schilling-drey-christliche-thewrung,2 Samuel 13
1637-schilling-drey-christliche-thewrung,1 Samuel 19
1637-schilling-drey-christliche-thewrung,Isa 61
1637-schilling-drey-christliche-thewrung,Jer 5
1637-schilling-drey-christliche-thewrung,Exodus 9
1637-schilling-drey-christliche-thewrung,Jer 2
1637-schilling-drey-christliche-thewrung,Deuteronomy 28
1637-schilling-drey-christliche-thewrung,Leviticus 26
1637-schilling-drey-christliche-thewrung,Genesis 28
1637-schilling-drey-christliche-thewrung,Isa 47
1637-schilling-drey-christliche-thewrung,Exodus 20
1637-schilling-drey-christliche-thewrung,Leviticus 24
1637-schilling-drey-christliche-thewrung,2 Samuel 21
1637-schilling-drey-christliche-thewrung,Joel 1
1637-schilling-drey-christliche-thewrung,Isa 5
1637-schilling-drey-christliche-thewrung,Isa 16
1637-schilling-drey-christliche-thewrung,Amos 4
1637-schilling-drey-christliche-thewrung,Isa 5
1637-schilling-drey-christliche-thewrung,Ezek 33:25
1637-schilling-drey-christliche-thewrung,Matt 3
1637-schilling-drey-christliche-thewrung,1 Samuel 6
1637-schilling-drey-christliche-thewrung,Ps 27
1637-schilling-drey-christliche-thewrung,Rom 3
1637-schilling-drey-christliche-thewrung,John 12
1637-schilling-drey-christliche-thewrung,Ezek 47
1637-schilling-drey-christliche-thewrung,Isa 1
1637-schilling-drey-christliche-thewrung,Jer 2
1637-schilling-drey-christliche-thewrung,Dan 5
1637-schilling-drey-christliche-thewrung,Wis 1
1637-schilling-drey-christliche-thewrung,Deuteronomy 28
1637-schilling-drey-christliche-thewrung,Genesis 3
1637-schilling-drey-christliche-thewrung,Ps 5
1637-schilling-drey-christliche-thewrung,Dan 3
1637-schilling-drey-christliche-thewrung,2 Samuel 1
1637-schilling-drey-christliche-thewrung,Exodus 20
1637-schilling-drey-christliche-thewrung,1 Kings 2
1637-schilling-drey-christliche-thewrung,1 Cor 6
1637-schilling-drey-christliche-thewrung,1 Samuel 25
1637-schilling-drey-christliche-thewrung,Job 18
1637-schilling-drey-christliche-thewrung,Deuteronomy 23
1637-schilling-drey-christliche-thewrung,Ezek 22
1637-schilling-drey-christliche-thewrung,Jer 19
1637-schilling-drey-christliche-thewrung,Judges 20
1637-schilling-drey-christliche-thewrung,Matt 24
1637-schilling-drey-christliche-thewrung,Mic 2
1637-schilling-drey-christliche-thewrung,Genesis 4
1637-schilling-drey-christliche-thewrung,Matt 22
1637-schilling-drey-christliche-thewrung,Ps 5
1637-schilling-drey-christliche-thewrung,Ezek 36
1637-schilling-drey-christliche-thewrung,1 Kings 22
1637-schilling-drey-christliche-thewrung,Matt 11
1637-schilling-drey-christliche-thewrung,Ezek 13
1637-schilling-drey-christliche-thewrung,1 Samuel 14
1637-schilling-drey-christliche-thewrung,Isa 28
1637-schilling-drey-christliche-thewrung,John 14
1637-schilling-drey-christliche-thewrung,Ps 14
1637-schilling-drey-christliche-thewrung,Isa 65
1637-schilling-drey-christliche-thewrung,Isa 59
1637-schilling-drey-christliche-thewrung,Ps 135
1637-schilling-drey-christliche-thewrung,Eph 3
1637-schilling-drey-christliche-thewrung,Isa 40
1637-schilling-drey-christliche-thewrung,Judges 5
1637-schilling-drey-christliche-thewrung,Isa 55
1637-schilling-drey-christliche-thewrung,Isa 30
1637-schilling-drey-christliche-thewrung,Ps 61
1637-schilling-drey-christliche-thewrung,Deuteronomy 28
1637-schilling-drey-christliche-thewrung,Hag 1
1637-schilling-drey-christliche-thewrung,Rev 12
1637-schilling-drey-christliche-thewrung,Rev 17
1637-schilling-drey-christliche-thewrung,John 14
1637-schilling-drey-christliche-thewrung,2 Kings 17
1637-schilling-drey-christliche-thewrung,Jer 39
1637-schilling-drey-christliche-thewrung,Dan 4
1637-schilling-drey-christliche-thewrung,2 Samuel 18
1637-schilling-drey-christliche-thewrung,Numbers 25
1637-schilling-drey-christliche-thewrung,Matt 22
1637-schilling-drey-christliche-thewrung,Rev 20
1637-schilling-drey-christliche-thewrung,Jer 25
1637-schilling-drey-christliche-thewrung,Ezek 13
1637-schilling-drey-christliche-thewrung,Acts 8
1637-schilling-drey-christliche-thewrung,John 6
1637-schilling-drey-christliche-thewrung,Rom 3
1637-schilling-drey-christliche-thewrung,Rom 10
1637-schilling-drey-christliche-thewrung,Joel 2
1637-schilling-drey-christliche-thewrung,Heb 5
1637-schilling-drey-christliche-thewrung,Isa 53
1637-schilling-drey-christliche-thewrung,Eph 2
1637-schilling-drey-christliche-thewrung,Rom 6
1637-schilling-drey-christliche-thewrung,Rom 12
1637-schilling-drey-christliche-thewrung,Ps 50
1637-schilling-drey-christliche-thewrung,1 Tim 6
1637-schilling-drey-christliche-thewrung,1 Cor 6
1637-schilling-drey-christliche-thewrung,Heb 13
1637-schilling-drey-christliche-thewrung,Luke 1
1637-schilling-drey-christliche-thewrung,Matt 5
1637-schilling-drey-christliche-thewrung,Ezek 33
1637-schilling-drey-christliche-thewrung,1 Samuel 12
1637-schilling-drey-christliche-thewrung,Mark 6
1637-schilling-drey-christliche-thewrung,Matt 23
1637-schilling-drey-christliche-thewrung,Exodus 14
1637-schilling-drey-christliche-thewrung,Isa 37
1637-schilling-drey-christliche-thewrung,Matt 10
1637-schilling-drey-christliche-thewrung,John 16
1637-schilling-drey-christliche-thewrung,Luke 10
1637-schilling-drey-christliche-thewrung,Ps 141
1637-schilling-drey-christliche-thewrung,Jer 18
1637-schilling-drey-christliche-thewrung,Ps 81
1637-schilling-drey-christliche-thewrung,Isa 45
1637-schilling-drey-christliche-thewrung,Ezek 14:12
1637-schilling-drey-christliche-thewrung,1 Samuel 15
1637-schilling-drey-christliche-thewrung,1 Kings 6
1637-schilling-drey-christliche-thewrung,Isa 8
1637-schilling-drey-christliche-thewrung,1 Samuel 23
1637-schilling-drey-christliche-thewrung,2 Samuel 2
1637-schilling-drey-christliche-thewrung,Jer 31
1637-schilling-drey-christliche-thewrung,Ps 115
1637-schilling-drey-christliche-thewrung,Genesis 7
1637-schilling-drey-christliche-thewrung,Isa 37
1637-schilling-drey-christliche-thewrung,Job 42
1637-schilling-drey-christliche-thewrung,Gal 2
1637-schilling-drey-christliche-thewrung,Rom 3
1637-schilling-drey-christliche-thewrung,Job 15
1637-schilling-drey-christliche-thewrung,Rom 4
1637-schilling-drey-christliche-thewrung,Deuteronomy 27
1637-schilling-drey-christliche-thewrung,Gal 3
1637-schilling-drey-christliche-thewrung,Rom 10
1637-schilling-drey-christliche-thewrung,1 Cor 1
1637-schilling-drey-christliche-thewrung,Heb 11
1637-schilling-drey-christliche-thewrung,Matt 7
1637-schilling-drey-christliche-thewrung,Genesis 6
1637-schilling-drey-christliche-thewrung,Eph 4
1637-schilling-drey-christliche-thewrung,Matt 16
1637-schilling-drey-christliche-thewrung,1 Cor 15
1637-schilling-drey-christliche-thewrung,John 11
1637-schilling-drey-christliche-thewrung,Isa 61
1637-schilling-drey-christliche-thewrung,John 21
1637-schilling-drey-christliche-thewrung,Ps 16
1637-schilling-drey-christliche-thewrung,Isa 58
1637-schilling-drey-christliche-thewrung,Matt 3
1637-schilling-drey-christliche-thewrung,Deuteronomy 1
1637-schilling-drey-christliche-thewrung,1 Tim 2
1637-schilling-drey-christliche-thewrung,Isa 57
1637-schilling-drey-christliche-thewrung,Acts 7
1637-schilling-drey-christliche-thewrung,Ps 24
1637-schilling-drey-christliche-thewrung,Zech 2
1637-schilling-drey-christliche-thewrung,1 Kings 9
1637-schilling-drey-christliche-thewrung,John 7
1637-schilling-drey-christliche-thewrung,Genesis 8
1637-schilling-drey-christliche-thewrung,Luke 10
1637-schilling-drey-christliche-thewrung,Ps 15
1637-schilling-drey-christliche-thewrung,1 Kings 22
1637-schilling-drey-christliche-thewrung,Ps 40
1637-schilling-drey-christliche-thewrung,Genesis 15
1637-schilling-drey-christliche-thewrung,John 10
1637-schilling-drey-christliche-thewrung,Genesis 6
1637-schilling-drey-christliche-thewrung,Ps 45
1637-schilling-drey-christliche-thewrung,Luke 16
1637-schilling-drey-christliche-thewrung,Luke 19
1637-schilling-drey-christliche-thewrung,Ezek 34
1637-schilling-drey-christliche-thewrung,Isa 11
1637-schilling-drey-christliche-thewrung,2 Samuel 6
1637-schilling-drey-christliche-thewrung,Numbers 4
1637-schilling-drey-christliche-thewrung,Isa 5
1637-schilling-drey-christliche-thewrung,Ps 55
1637-schilling-drey-christliche-thewrung,2 Samuel 10
1637-schilling-drey-christliche-thewrung,Ps 101
1637-schilling-drey-christliche-thewrung,Genesis 39
1637-schilling-drey-christliche-thewrung,1 Samuel 18
1637-schilling-drey-christliche-thewrung,2 Samuel 10
1637-schilling-drey-christliche-thewrung,Eph 5
1637-schilling-drey-christliche-thewrung,1 Samuel 1
1637-schilling-drey-christliche-thewrung,Genesis 34
1637-schilling-drey-christliche-thewrung,Judges 16
1637-schilling-drey-christliche-thewrung,Ps 82
1637-schilling-drey-christliche-thewrung,Job 34
1637-schilling-drey-christliche-thewrung,Isa 1
1637-schilling-drey-christliche-thewrung,Isa 38
1637-schilling-drey-christliche-thewrung,Ps 141
1637-schilling-drey-christliche-thewrung,Ps 126
1637-schilling-drey-christliche-thewrung,Ps 7
1637-schilling-drey-christliche-thewrung,1 Kings 2
1637-schilling-drey-christliche-thewrung,Genesis 31
1637-schilling-drey-christliche-thewrung,Ps 37
1637-schilling-drey-christliche-thewrung,Jer 12
1637-schilling-drey-christliche-thewrung,Rom 9
1637-schilling-drey-christliche-thewrung,John 17
1637-schilling-drey-christliche-thewrung,Ps 2
1637-schilling-drey-christliche-thewrung,Ps 103
1637-schilling-drey-christliche-thewrung,Isa 3
1637-schilling-drey-christliche-thewrung,Ps 95
1637-schilling-drey-christliche-thewrung,2 Cor 6
1637-schilling-drey-christliche-thewrung,Matt 5
1637-schilling-drey-christliche-thewrung,Rom 6
1637-schilling-drey-christliche-thewrung,Gal 5
1637-schilling-drey-christliche-thewrung,2 Tim 4
1637-schilling-drey-christliche-thewrung,John 2
1637-schilling-drey-christliche-thewrung,2 Samuel 24
1637-schilling-drey-christliche-thewrung,Ps 144
1637-schilling-drey-christliche-thewrung,Ps 107
1637-schilling-drey-christliche-thewrung,Ps 34
1637-schilling-drey-christliche-thewrung,Rom 13
1637-schilling-drey-christliche-thewrung,1 Samuel 5
1637-schilling-drey-christliche-thewrung,2 Chronicles 33
1637-schilling-drey-christliche-thewrung,Matt 5
1637-schilling-drey-christliche-thewrung,Matt 11
1637-schilling-drey-christliche-thewrung,Rom 1
1637-schilling-drey-christliche-thewrung,1 Cor 15
1637-schilling-drey-christliche-thewrung,1 Pet 2
1637-schilling-drey-christliche-thewrung,Ps 121
1637-schilling-drey-christliche-thewrung,Luke 1
1637-schilling-drey-christliche-thewrung,Matt 5
1637-schilling-drey-christliche-thewrung,Jer 3
1637-schilling-drey-christliche-thewrung,Matt 11
1637-schilling-drey-christliche-thewrung,Zech 7
1637-schilling-drey-christliche-thewrung,John 2
1637-schilling-drey-christliche-thewrung,Rev 2
1637-schilling-drey-christliche-thewrung,Prov 1
1637-schilling-drey-christliche-thewrung,Genesis 41
1637-schilling-drey-christliche-thewrung,Jer 9
1637-schilling-drey-christliche-thewrung,Isa 7
1637-schilling-drey-christliche-thewrung,Isa 41
1637-schilling-drey-christliche-thewrung,Luke 5
1637-schilling-drey-christliche-thewrung,2 Kings 6
1637-schilling-drey-christliche-thewrung,Job 22
1637-schilling-drey-christliche-thewrung,1 Cor 13
1639-reinhold-bronteiologike-gehalten-durch,Jer 1:9
1639-reinhold-bronteiologike-gehalten-durch,Hos 4
1639-reinhold-bronteiologike-gehalten-durch,Matt 11
1639-reinhold-bronteiologike-gehalten-durch,Ps 76
1639-reinhold-bronteiologike-gehalten-durch,Isa 50
1639-reinhold-bronteiologike-gehalten-durch,Ps 18
1639-reinhold-bronteiologike-gehalten-durch,2 Samuel 22
1639-reinhold-bronteiologike-gehalten-durch,Job 41
1639-reinhold-bronteiologike-gehalten-durch,Ps 29
1639-reinhold-bronteiologike-gehalten-durch,Job 26
1639-reinhold-bronteiologike-gehalten-durch,Ps 68
1639-reinhold-bronteiologike-gehalten-durch,Ps 29
1639-reinhold-bronteiologike-gehalten-durch,Jer 10
1639-reinhold-bronteiologike-gehalten-durch,Amos 9
1639-reinhold-bronteiologike-gehalten-durch,Ps 147
1639-reinhold-bronteiologike-gehalten-durch,Jer 10
1639-reinhold-bronteiologike-gehalten-durch,Ps 148
1639-reinhold-bronteiologike-gehalten-durch,Ps 18
1639-reinhold-bronteiologike-gehalten-durch,Song 1
1639-reinhold-bronteiologike-gehalten-durch,Ps 104
1639-reinhold-bronteiologike-gehalten-durch,1 Samuel 7
1639-reinhold-bronteiologike-gehalten-durch,Ps 105
1639-reinhold-bronteiologike-gehalten-durch,Exodus 9
1639-reinhold-bronteiologike-gehalten-durch,Jer 1
1639-reinhold-bronteiologike-gehalten-durch,Ps 77
1639-reinhold-bronteiologike-gehalten-durch,Nah 1
1639-reinhold-bronteiologike-gehalten-durch,Ps 18
1639-reinhold-bronteiologike-gehalten-durch,1 Samuel 12
1639-reinhold-bronteiologike-gehalten-durch,Jer 25
1639-reinhold-bronteiologike-gehalten-durch,Genesis 32
1639-reinhold-bronteiologike-gehalten-durch,Isa 28
1639-reinhold-bronteiologike-gehalten-durch,Ps 145
1639-reinhold-bronteiologike-gehalten-durch,1 Samuel 22
1639-reinhold-bronteiologike-gehalten-durch,Zeph 2
1639-reinhold-bronteiologike-gehalten-durch,Job 38
1639-reinhold-bronteiologike-gehalten-durch,Luke 1
1639-reinhold-bronteiologike-gehalten-durch,Ps 32
1639-reinhold-bronteiologike-gehalten-durch,Ps 10
1639-reinhold-bronteiologike-gehalten-durch,Isa 14
1639-reinhold-bronteiologike-gehalten-durch,Amos 6
1639-reinhold-bronteiologike-gehalten-durch,Isa 28
1639-reinhold-bronteiologike-gehalten-durch,Job 38
1639-reinhold-bronteiologike-gehalten-durch,Isa 24
1639-reinhold-bronteiologike-gehalten-durch,Jer 30
1639-reinhold-bronteiologike-gehalten-durch,Ps 11
1639-reinhold-bronteiologike-gehalten-durch,Genesis 15
1639-reinhold-bronteiologike-gehalten-durch,Acts 14
1639-reinhold-bronteiologike-gehalten-durch,Rom 1
1639-reinhold-bronteiologike-gehalten-durch,Ps 68
1639-reinhold-bronteiologike-gehalten-durch,Genesis 20
1639-reinhold-bronteiologike-gehalten-durch,Isa 29
1639-reinhold-bronteiologike-gehalten-durch,Ps 1
1639-reinhold-bronteiologike-gehalten-durch,Mark 3
1639-reinhold-bronteiologike-gehalten-durch,Amos 9
1639-reinhold-bronteiologike-gehalten-durch,Ps 144
1639-reinhold-bronteiologike-gehalten-durch,Ps 83
1639-reinhold-bronteiologike-gehalten-durch,Joshua 10
1639-reinhold-bronteiologike-gehalten-durch,Ps 76
1639-reinhold-bronteiologike-gehalten-durch,Ps 80
1639-reinhold-bronteiologike-gehalten-durch,Isa 25
1639-reinhold-bronteiologike-gehalten-durch,Gal 6
1639-reinhold-bronteiologike-gehalten-durch,Luke 2
1639-reinhold-bronteiologike-gehalten-durch,Isa 30
1639-reinhold-bronteiologike-gehalten-durch,Ps 5
1649-alard-hiobitische-truebsaell-als,Job 5
1649-alard-hiobitische-truebsaell-als,1 Cor 10:51
1649-alard-hiobitische-truebsaell-als,Rev 22:11
1649-alard-hiobitische-truebsaell-als,Ps 19:1
1649-alard-hiobitische-truebsaell-als,Ps 19
1649-alard-hiobitische-truebsaell-als,Sir 43:3
1649-alard-hiobitische-truebsaell-als,Eccl 3
1649-alard-hiobitische-truebsaell-als,Matt 24:6
1649-alard-hiobitische-truebsaell-als,Matt 24:6
1649-alard-hiobitische-truebsaell-als,Job 5
1649-alard-hiobitische-truebsaell-als,Eph 5
1649-alard-hiobitische-truebsaell-als,Eph 5
1649-alard-hiobitische-truebsaell-als,Leviticus 26
1649-alard-hiobitische-truebsaell-als,Deuteronomy 28
1649-alard-hiobitische-truebsaell-als,Ezek 14
1649-alard-hiobitische-truebsaell-als,Leviticus 16
1649-alard-hiobitische-truebsaell-als,Ezek 14
1649-alard-hiobitische-truebsaell-als,Amos 4
1649-alard-hiobitische-truebsaell-als,Ruth 9
1649-alard-hiobitische-truebsaell-als,Genesis 3
1649-alard-hiobitische-truebsaell-als,Genesis 4
1649-alard-hiobitische-truebsaell-als,Genesis 12
1649-alard-hiobitische-truebsaell-als,Genesis 26
1649-alard-hiobitische-truebsaell-als,Genesis 12
1649-alard-hiobitische-truebsaell-als,Genesis 42
1649-alard-hiobitische-truebsaell-als,Ruth 1
1649-alard-hiobitische-truebsaell-als,2 Samuel 21
1649-alard-hiobitische-truebsaell-als,Ruth 1
1649-alard-hiobitische-truebsaell-als,1 Kings 18
1649-alard-hiobitische-truebsaell-als,2 Kings 6
1649-alard-hiobitische-truebsaell-als,2 Samuel 2
1649-alard-hiobitische-truebsaell-als,1 Kings 6
1649-alard-hiobitische-truebsaell-als,Lam 1
1649-alard-hiobitische-truebsaell-als,Lam 4
1649-alard-hiobitische-truebsaell-als,Rev 6
1649-alard-hiobitische-truebsaell-als,Ezek 4:16
1649-alard-hiobitische-truebsaell-als,Wis 5
1649-alard-hiobitische-truebsaell-als,Amos 4
1649-alard-hiobitische-truebsaell-als,Genesis 47
1649-alard-hiobitische-truebsaell-als,Genesis 47
1649-alard-hiobitische-truebsaell-als,Lam 2
1649-alard-hiobitische-truebsaell-als,Wis 5
1649-alard-hiobitische-truebsaell-als,Amos 3
1649-alard-hiobitische-truebsaell-als,Joel 2
1649-alard-hiobitische-truebsaell-als,1 Kings 7
1649-alard-hiobitische-truebsaell-als,Deuteronomy 28
1649-alard-hiobitische-truebsaell-als,Lam 3
1649-alard-hiobitische-truebsaell-als,Sir 39
1649-alard-hiobitische-truebsaell-als,Sir 3
1649-alard-hiobitische-truebsaell-als,Mic 6
1649-alard-hiobitische-truebsaell-als,Deuteronomy 28
1649-alard-hiobitische-truebsaell-als,Ezek 4
1649-alard-hiobitische-truebsaell-als,Jer 19
1649-alard-hiobitische-truebsaell-als,2 Kings 14
1649-alard-hiobitische-truebsaell-als,Matt 22
1649-alard-hiobitische-truebsaell-als,1 Kings 17
1649-alard-hiobitische-truebsaell-als,Deuteronomy 2
1649-alard-hiobitische-truebsaell-als,Isa 5
1649-alard-hiobitische-truebsaell-als,Joel 2
1649-alard-hiobitische-truebsaell-als,Joel 2
1649-alard-hiobitische-truebsaell-als,Luke 15
1649-alard-hiobitische-truebsaell-als,Judges 15
1649-alard-hiobitische-truebsaell-als,Amos 4
1649-alard-hiobitische-truebsaell-als,Ps 73
1649-alard-hiobitische-truebsaell-als,Ps 73
1649-alard-hiobitische-truebsaell-als,Ps 80
1649-alard-hiobitische-truebsaell-als,Heb 9
1649-alard-hiobitische-truebsaell-als,Luke 16
1649-alard-hiobitische-truebsaell-als,1 Samuel 25
1649-alard-hiobitische-truebsaell-als,1 Samuel 2
1649-alard-hiobitische-truebsaell-als,John 6
1649-alard-hiobitische-truebsaell-als,2 Kings 4
1649-alard-hiobitische-truebsaell-als,Luke 21
1649-alard-hiobitische-truebsaell-als,2 Tim 2
1649-alard-hiobitische-truebsaell-als,1 Kings 17
1649-alard-hiobitische-truebsaell-als,Mark 8
1649-alard-hiobitische-truebsaell-als,Mark 8
1649-alard-hiobitische-truebsaell-als,2 Kings 7:16
1649-alard-hiobitische-truebsaell-als,2 Kings 7
1649-alard-hiobitische-truebsaell-als,Jer 38
1649-alard-hiobitische-truebsaell-als,Jer 32
1649-alard-hiobitische-truebsaell-als,Job 6
1649-alard-hiobitische-truebsaell-als,Ps 118
1649-alard-hiobitische-truebsaell-als,Zech 6
1649-alard-hiobitische-truebsaell-als,Matt 20
1649-alard-hiobitische-truebsaell-als,Ps 23
1649-alard-hiobitische-truebsaell-als,Luke 1
1649-alard-hiobitische-truebsaell-als,Ps 145
1649-alard-hiobitische-truebsaell-als,Prov 10
1649-alard-hiobitische-truebsaell-als,Ps 147
1649-alard-hiobitische-truebsaell-als,Matt 6
1649-alard-hiobitische-truebsaell-als,Ps 37
1649-alard-hiobitische-truebsaell-als,Exodus 13
1649-alard-hiobitische-truebsaell-als,Matt 4
1649-alard-hiobitische-truebsaell-als,Luke 12
1649-alard-hiobitische-truebsaell-als,John 6
1649-alard-hiobitische-truebsaell-als,Matt 6
1649-alard-hiobitische-truebsaell-als,Rom 14
1649-alard-hiobitische-truebsaell-als,Leviticus 26
1649-alard-hiobitische-truebsaell-als,Leviticus 10
1649-alard-hiobitische-truebsaell-als,Ezek 21
1649-alard-hiobitische-truebsaell-als,Jer 5
1649-alard-hiobitische-truebsaell-als,Jer 5
1649-alard-hiobitische-truebsaell-als,Jer 15
1649-alard-hiobitische-truebsaell-als,Ezek 7
1649-alard-hiobitische-truebsaell-als,Amos 8
1649-alard-hiobitische-truebsaell-als,Amos 7
1649-alard-hiobitische-truebsaell-als,Mark 14
1649-alard-hiobitische-truebsaell-als,Mark 14
1649-alard-hiobitische-truebsaell-als,Lam 1
1649-alard-hiobitische-truebsaell-als,Mic 2
1649-alard-hiobitische-truebsaell-als,Ezek 24
1649-alard-hiobitische-truebsaell-als,Nah 3
1649-alard-hiobitische-truebsaell-als,Ezek 30
1649-alard-hiobitische-truebsaell-als,Jer 8
1649-alard-hiobitische-truebsaell-als,Joel 1
1649-alard-hiobitische-truebsaell-als,Jer 52
1649-alard-hiobitische-truebsaell-als,Jer 13
1649-alard-hiobitische-truebsaell-als,Ezek 24
1649-alard-hiobitische-truebsaell-als,Jude 1
1649-alard-hiobitische-truebsaell-als,Ezek 21:12
1649-alard-hiobitische-truebsaell-als,Isa 37
1649-alard-hiobitische-truebsaell-als,Amos 5
1649-alard-hiobitische-truebsaell-als,Jude 21
1649-alard-hiobitische-truebsaell-als,Hab 1
1649-alard-hiobitische-truebsaell-als,Amos 5
1649-alard-hiobitische-truebsaell-als,Amos 5
1649-alard-hiobitische-truebsaell-als,Amos 5:12
1649-alard-hiobitische-truebsaell-als,Jer 9
1649-alard-hiobitische-truebsaell-als,Jer 9
1649-alard-hiobitische-truebsaell-als,Isa 13
1649-alard-hiobitische-truebsaell-als,Jer 48
1649-alard-hiobitische-truebsaell-als,Genesis 2
1649-alard-hiobitische-truebsaell-als,Sir 28
1649-alard-hiobitische-truebsaell-als,Jer 5
1649-alard-hiobitische-truebsaell-als,Zech 7
1649-alard-hiobitische-truebsaell-als,Ezek 22
1649-alard-hiobitische-truebsaell-als,Ezek 22
1649-alard-hiobitische-truebsaell-als,Zeph 1
1649-alard-hiobitische-truebsaell-als,Jer 15
1649-alard-hiobitische-truebsaell-als,Hab 4
1649-alard-hiobitische-truebsaell-als,Mic 2
1649-alard-hiobitische-truebsaell-als,Ezek 23
1649-alard-hiobitische-truebsaell-als,Jer 51
1649-alard-hiobitische-truebsaell-als,Hos 14
1649-alard-hiobitische-truebsaell-als,Jer 6
1649-alard-hiobitische-truebsaell-als,Ezek 32
1649-alard-hiobitische-truebsaell-als,Jer 46
1649-alard-hiobitische-truebsaell-als,Jer 40
1649-alard-hiobitische-truebsaell-als,Deuteronomy 28:37
1649-alard-hiobitische-truebsaell-als,Jer 24
1649-alard-hiobitische-truebsaell-als,Zeph 1
1649-alard-hiobitische-truebsaell-als,Jer 16
1649-alard-hiobitische-truebsaell-als,Jer 48
1649-alard-hiobitische-truebsaell-als,Jer 4
1649-alard-hiobitische-truebsaell-als,2 Samuel 24
1649-alard-hiobitische-truebsaell-als,Jer 2
1649-alard-hiobitische-truebsaell-als,Jer 2:4
1649-alard-hiobitische-truebsaell-als,Hos 1
1649-alard-hiobitische-truebsaell-als,Deuteronomy 18
1649-alard-hiobitische-truebsaell-als,Hos 4
1649-alard-hiobitische-truebsaell-als,Zech 8
1649-alard-hiobitische-truebsaell-als,Mark 24
1649-alard-hiobitische-truebsaell-als,Ezek 17:1
1649-alard-hiobitische-truebsaell-als,Jer 5
1649-alard-hiobitische-truebsaell-als,Ezek 20
1649-alard-hiobitische-truebsaell-als,Numbers 14
1649-alard-hiobitische-truebsaell-als,Genesis 9
1649-alard-hiobitische-truebsaell-als,Matt 26
1649-alard-hiobitische-truebsaell-als,Jas 4
1649-alard-hiobitische-truebsaell-als,Ezek 23
1649-alard-hiobitische-truebsaell-als,Mic 7
1649-alard-hiobitische-truebsaell-als,Matt 22
1649-alard-hiobitische-truebsaell-als,Amos 6
1649-alard-hiobitische-truebsaell-als,Zeph 3
1649-alard-hiobitische-truebsaell-als,Amos 6
1649-alard-hiobitische-truebsaell-als,Jer 8
1649-alard-hiobitische-truebsaell-als,Jer 8
1649-alard-hiobitische-truebsaell-als,Jer 23
1649-alard-hiobitische-truebsaell-als,Leviticus 24
1649-alard-hiobitische-truebsaell-als,Leviticus 26
1649-alard-hiobitische-truebsaell-als,Sir 2
1649-alard-hiobitische-truebsaell-als,Sir 2
1649-alard-hiobitische-truebsaell-als,Nah 1
1649-alard-hiobitische-truebsaell-als,Jer 50
1649-alard-hiobitische-truebsaell-als,Jer 18
1649-alard-hiobitische-truebsaell-als,Deuteronomy 13
1649-alard-hiobitische-truebsaell-als,Jude 18
1649-alard-hiobitische-truebsaell-als,Zech 2
1649-alard-hiobitische-truebsaell-als,Jer 15
1649-alard-hiobitische-truebsaell-als,Jer 55
1649-alard-hiobitische-truebsaell-als,Genesis 22
1649-alard-hiobitische-truebsaell-als,Genesis 22
1649-alard-hiobitische-truebsaell-als,Jude 16
1649-alard-hiobitische-truebsaell-als,1 Samuel 23
1649-alard-hiobitische-truebsaell-als,1 Samuel 23
1649-alard-hiobitische-truebsaell-als,Judges 7
1649-alard-hiobitische-truebsaell-als,2 Chronicles 20
1649-alard-hiobitische-truebsaell-als,Jude 7
1649-alard-hiobitische-truebsaell-als,2 Chronicles 20
1649-alard-hiobitische-truebsaell-als,Matt 10
1649-alard-hiobitische-truebsaell-als,Isa 10
1649-alard-hiobitische-truebsaell-als,John 38
1649-alard-hiobitische-truebsaell-als,Isa 33
1649-alard-hiobitische-truebsaell-als,Lam 4
1649-alard-hiobitische-truebsaell-als,Jer 25
1649-alard-hiobitische-truebsaell-als,Isa 26
1649-alard-hiobitische-truebsaell-als,Isa 56
1649-alard-hiobitische-truebsaell-als,2 Kings 2
1649-alard-hiobitische-truebsaell-als,2 Kings 12
1649-alard-hiobitische-truebsaell-als,Jer 3
1649-alard-hiobitische-truebsaell-als,Jer 3
1649-alard-hiobitische-truebsaell-als,Jer 31
1649-alard-hiobitische-truebsaell-als,Ps 91
1649-alard-hiobitische-truebsaell-als,Ps 9
1649-alard-hiobitische-truebsaell-als,Genesis 3
1649-alard-hiobitische-truebsaell-als,Luke 10
1649-alard-hiobitische-truebsaell-als,Eph 6
1649-alard-hiobitische-truebsaell-als,Matt 26
1649-alard-hiobitische-truebsaell-als,Luke 10
1649-alard-hiobitische-truebsaell-als,Phil 3
1649-alard-hiobitische-truebsaell-als,John 8
1649-alard-hiobitische-truebsaell-als,John 8
1649-alard-hiobitische-truebsaell-als,Matt 14
1649-alard-hiobitische-truebsaell-als,Rom 1
1649-alard-hiobitische-truebsaell-als,1 Tim 3
1649-alard-hiobitische-truebsaell-als,Titus 1:7
1649-alard-hiobitische-truebsaell-als,Prov 26
1649-alard-hiobitische-truebsaell-als,Prov 30
1649-alard-hiobitische-truebsaell-als,Prov 14
1649-alard-hiobitische-truebsaell-als,Prov 26
1649-alard-hiobitische-truebsaell-als,Sir 51
1649-alard-hiobitische-truebsaell-als,Jas 3
1649-alard-hiobitische-truebsaell-als,Ps 119
1649-alard-hiobitische-truebsaell-als,1 Samuel 22
1649-alard-hiobitische-truebsaell-als,1 Kings 21
1649-alard-hiobitische-truebsaell-als,1 Kings 2
1649-alard-hiobitische-truebsaell-als,1 Samuel 14
1649-alard-hiobitische-truebsaell-als,Job 1
1649-alard-hiobitische-truebsaell-als,2 Samuel 16
1649-alard-hiobitische-truebsaell-als,Genesis 36
1649-alard-hiobitische-truebsaell-als,1 Kings 18
1649-alard-hiobitische-truebsaell-als,Matt 23
1649-alard-hiobitische-truebsaell-als,Matt 2
1649-alard-hiobitische-truebsaell-als,Genesis 9
1649-alard-hiobitische-truebsaell-als,Jer 26
1649-alard-hiobitische-truebsaell-als,Luke 6
1649-alard-hiobitische-truebsaell-als,Gal 6
1649-alard-hiobitische-truebsaell-als,1 Samuel 25
1649-alard-hiobitische-truebsaell-als,Genesis 21
1649-alard-hiobitische-truebsaell-als,Genesis 37
1649-alard-hiobitische-truebsaell-als,Exodus 2
1649-alard-hiobitische-truebsaell-als,2 Samuel 25
1649-alard-hiobitische-truebsaell-als,Matt 15
1649-alard-hiobitische-truebsaell-als,Sir 28
1649-alard-hiobitische-truebsaell-als,Rom 3
1649-alard-hiobitische-truebsaell-als,Numbers 12
1649-alard-hiobitische-truebsaell-als,1 Samuel 10
1649-alard-hiobitische-truebsaell-als,2 Samuel 15
1649-alard-hiobitische-truebsaell-als,2 Samuel 14
1649-alard-hiobitische-truebsaell-als,1 Kings 12
1649-alard-hiobitische-truebsaell-als,Prov 9
1649-alard-hiobitische-truebsaell-als,Prov 9
1649-alard-hiobitische-truebsaell-als,Jer 20
1649-alard-hiobitische-truebsaell-als,Ezek 2
1649-alard-hiobitische-truebsaell-als,Ezek 2
1649-alard-hiobitische-truebsaell-als,2 Kings 17
1649-alard-hiobitische-truebsaell-als,Acts 2
1649-alard-hiobitische-truebsaell-als,Acts 17
1649-alard-hiobitische-truebsaell-als,Acts 17
1649-alard-hiobitische-truebsaell-als,Genesis 19
1649-alard-hiobitische-truebsaell-als,2 Pet 2
1649-alard-hiobitische-truebsaell-als,Rom 1:32
1649-alard-hiobitische-truebsaell-als,1 Kings 2
1649-alard-hiobitische-truebsaell-als,Matt 13
1649-alard-hiobitische-truebsaell-als,Matt 13
1649-alard-hiobitische-truebsaell-als,Sir 6
1649-alard-hiobitische-truebsaell-als,Sir 6
1649-alard-hiobitische-truebsaell-als,Matt 27
1649-alard-hiobitische-truebsaell-als,Matt 27
1649-alard-hiobitische-truebsaell-als,Prov 12
1649-alard-hiobitische-truebsaell-als,Ps 58
1649-alard-hiobitische-truebsaell-als,Prov 5
1649-alard-hiobitische-truebsaell-als,Prov 8
1649-alard-hiobitische-truebsaell-als,Ps 3
1649-alard-hiobitische-truebsaell-als,Genesis 39
1649-alard-hiobitische-truebsaell-als,Genesis 39
1649-alard-hiobitische-truebsaell-als,Dan 6
1649-alard-hiobitische-truebsaell-als,Dan 6
1649-alard-hiobitische-truebsaell-als,Matt 24
1649-alard-hiobitische-truebsaell-als,1 Cor 4
1649-alard-hiobitische-truebsaell-als,1 Cor 4
1649-alard-hiobitische-truebsaell-als,Sir 25
1649-alard-hiobitische-truebsaell-als,Sir 21
1649-alard-hiobitische-truebsaell-als,Prov 17
1649-alard-hiobitische-truebsaell-als,Sir 5
1649-alard-hiobitische-truebsaell-als,Luke 6
1649-alard-hiobitische-truebsaell-als,Jer 9
1649-alard-hiobitische-truebsaell-als,Sir 19
1649-alard-hiobitische-truebsaell-als,Sir 17
1649-alard-hiobitische-truebsaell-als,Sir 20
1649-alard-hiobitische-truebsaell-als,Prov 10
1649-alard-hiobitische-truebsaell-als,Prov 1
1649-alard-hiobitische-truebsaell-als,Matt 15
1649-alard-hiobitische-truebsaell-als,2 Cor 6
1649-alard-hiobitische-truebsaell-als,1 Cor 6
1649-alard-hiobitische-truebsaell-als,Ps 4
1649-alard-hiobitische-truebsaell-als,Ps 4
1649-alard-hiobitische-truebsaell-als,Sir 43
1649-alard-hiobitische-truebsaell-als,Isa 29
1649-alard-hiobitische-truebsaell-als,Matt 8
1649-alard-hiobitische-truebsaell-als,1 Samuel 2
1649-alard-hiobitische-truebsaell-als,Ezek 9
1649-alard-hiobitische-truebsaell-als,Ps 91
1649-alard-hiobitische-truebsaell-als,Ps 91
1649-alard-hiobitische-truebsaell-als,Ezek 9
1649-alard-hiobitische-truebsaell-als,Jude 8
1649-alard-hiobitische-truebsaell-als,1 Cor 10
1649-alard-hiobitische-truebsaell-als,Deuteronomy 28:27
1649-alard-hiobitische-truebsaell-als,Leviticus 26:39
1649-alard-hiobitische-truebsaell-als,Jer 44
1649-alard-hiobitische-truebsaell-als,Jer 44
1649-alard-hiobitische-truebsaell-als,Jer 21
1649-alard-hiobitische-truebsaell-als,Jer 12
1649-alard-hiobitische-truebsaell-als,Jer 22
1649-alard-hiobitische-truebsaell-als,Numbers 13
1649-alard-hiobitische-truebsaell-als,Numbers 16
1649-alard-hiobitische-truebsaell-als,2 Kings 19
1649-alard-hiobitische-truebsaell-als,1 Cor 10
1649-alard-hiobitische-truebsaell-als,Ezek 28
1649-alard-hiobitische-truebsaell-als,1 Cor 10
1649-alard-hiobitische-truebsaell-als,Numbers 25
1649-alard-hiobitische-truebsaell-als,Ezek 33
1649-alard-hiobitische-truebsaell-als,Wis 17
1649-alard-hiobitische-truebsaell-als,Sir 30
1649-alard-hiobitische-truebsaell-als,Sir 3
1649-alard-hiobitische-truebsaell-als,1 John 4
1649-alard-hiobitische-truebsaell-als,1 John 4
1649-alard-hiobitische-truebsaell-als,Isa 66
1649-alard-hiobitische-truebsaell-als,Ps 91
1649-alard-hiobitische-truebsaell-als,2 Cor 12
1649-alard-hiobitische-truebsaell-als,2 Cor 12
1649-alard-hiobitische-truebsaell-als,2 Cor 7
1649-alard-hiobitische-truebsaell-als,2 Cor 7
1649-alard-hiobitische-truebsaell-als,Ps 4
1649-alard-hiobitische-truebsaell-als,Genesis 5
1649-alard-hiobitische-truebsaell-als,Prov 1
1649-alard-hiobitische-truebsaell-als,Exodus 14
1649-alard-hiobitische-truebsaell-als,1 Samuel 1
1649-alard-hiobitische-truebsaell-als,1 Samuel 7
1649-alard-hiobitische-truebsaell-als,Esther 17
1649-alard-hiobitische-truebsaell-als,Ps 93
1649-alard-hiobitische-truebsaell-als,Jer 14
1649-alard-hiobitische-truebsaell-als,Leviticus 26
1649-alard-hiobitische-truebsaell-als,Jer 14
1649-alard-hiobitische-truebsaell-als,Ezek 5:16
1649-alard-hiobitische-truebsaell-als,Ezek 5
1649-alard-hiobitische-truebsaell-als,Genesis 41
1649-alard-hiobitische-truebsaell-als,Nehemiah 5
1649-alard-hiobitische-truebsaell-als,Genesis 46
1649-alard-hiobitische-truebsaell-als,Lam 5
1649-alard-hiobitische-truebsaell-als,Lam 4:9
1649-alard-hiobitische-truebsaell-als,2 Samuel 4
1649-alard-hiobitische-truebsaell-als,Genesis 1
1649-alard-hiobitische-truebsaell-als,Genesis 1
1649-alard-hiobitische-truebsaell-als,Job 1
1649-alard-hiobitische-truebsaell-als,Ezek 5
1649-alard-hiobitische-truebsaell-als,Hos 9
1649-alard-hiobitische-truebsaell-als,Hos 13
1649-alard-hiobitische-truebsaell-als,Hos 2
1649-alard-hiobitische-truebsaell-als,Hos 2
1649-alard-hiobitische-truebsaell-als,Numbers 21
1649-alard-hiobitische-truebsaell-als,Hag 2
1649-alard-hiobitische-truebsaell-als,Ezek 4
1649-alard-hiobitische-truebsaell-als,Ps 109
1649-alard-hiobitische-truebsaell-als,Luke 71
1649-alard-hiobitische-truebsaell-als,Amos 4
1649-alard-hiobitische-truebsaell-als,Deuteronomy 25
1649-alard-hiobitische-truebsaell-als,Phil 4
1649-alard-hiobitische-truebsaell-als,Ps 147
1649-alard-hiobitische-truebsaell-als,Genesis 12
1649-alard-hiobitische-truebsaell-als,Exodus 16
1649-alard-hiobitische-truebsaell-als,Exodus 34
1649-alard-hiobitische-truebsaell-als,2 Kings 19
1649-alard-hiobitische-truebsaell-als,1 Kings 19
1649-alard-hiobitische-truebsaell-als,2 Kings 4
1649-alard-hiobitische-truebsaell-als,Ps 12
1649-alard-hiobitische-truebsaell-als,1 Kings 17
1649-alard-hiobitische-truebsaell-als,Jude 15
1649-alard-hiobitische-truebsaell-als,Ps 33
1649-alard-hiobitische-truebsaell-als,Matt 5
1649-alard-hiobitische-truebsaell-als,1 Tim 4
1649-alard-hiobitische-truebsaell-als,Exodus 23
1649-alard-hiobitische-truebsaell-als,Isa 58
1649-alard-hiobitische-truebsaell-als,Joel 2
1649-alard-hiobitische-truebsaell-als,1 Tim 4
1649-alard-hiobitische-truebsaell-als,2 Kings 4
1649-alard-hiobitische-truebsaell-als,Deuteronomy 8
1649-alard-hiobitische-truebsaell-als,Ps 22
1649-alard-hiobitische-truebsaell-als,1 Cor 15
1649-alard-hiobitische-truebsaell-als,1 Cor 1
1649-alard-hiobitische-truebsaell-als,Rom 2
1649-alard-hiobitische-truebsaell-als,Eccl 3
1649-alard-hiobitische-truebsaell-als,Titus 1
1649-alard-hiobitische-truebsaell-als,Ps 22
1649-alard-hiobitische-truebsaell-als,Genesis 49
1649-alard-hiobitische-truebsaell-als,Deuteronomy 32
1649-alard-hiobitische-truebsaell-als,Job 39
1649-alard-hiobitische-truebsaell-als,Job 10
1649-alard-hiobitische-truebsaell-als,1 Samuel 17
1649-alard-hiobitische-truebsaell-als,1 Samuel 17
1649-alard-hiobitische-truebsaell-als,Jude 14
1649-alard-hiobitische-truebsaell-als,Matt 7
1649-alard-hiobitische-truebsaell-als,2 Tim 4
1649-alard-hiobitische-truebsaell-als,Luke 13
1649-alard-hiobitische-truebsaell-als,Song 2
1649-alard-hiobitische-truebsaell-als,Dan 7
1649-alard-hiobitische-truebsaell-als,2 Tim 4
1649-alard-hiobitische-truebsaell-als,Luke 13
1649-alard-hiobitische-truebsaell-als,Ps 118
1649-alard-hiobitische-truebsaell-als,Acts 10
1649-alard-hiobitische-truebsaell-als,Acts 20
1649-alard-hiobitische-truebsaell-als,Matt 16
1649-alard-hiobitische-truebsaell-als,Ps 74
1649-alard-hiobitische-truebsaell-als,Jer 13
1649-alard-hiobitische-truebsaell-als,Ps 44
1649-alard-hiobitische-truebsaell-als,Ps 57
1649-alard-hiobitische-truebsaell-als,Ezek 2
1649-alard-hiobitische-truebsaell-als,Ps 68
1649-alard-hiobitische-truebsaell-als,Sir 13
1649-alard-hiobitische-truebsaell-als,Prov 28
1649-alard-hiobitische-truebsaell-als,Sir 13
1649-alard-hiobitische-truebsaell-als,Ezek 28
1649-alard-hiobitische-truebsaell-als,Ezek 28
1649-alard-hiobitische-truebsaell-als,Ps 91
1649-alard-hiobitische-truebsaell-als,1 Pet 2
1649-alard-hiobitische-truebsaell-als,1 Pet 2
1649-alard-hiobitische-truebsaell-als,Genesis 35
1649-alard-hiobitische-truebsaell-als,Joshua 24
1649-alard-hiobitische-truebsaell-als,Joshua 24
1649-alard-hiobitische-truebsaell-als,Eph 2
1649-alard-hiobitische-truebsaell-als,Genesis 43
1649-alard-hiobitische-truebsaell-als,Sir 26
1649-alard-hiobitische-truebsaell-als,Ps 67
1649-alard-hiobitische-truebsaell-als,Prov 25
1649-alard-hiobitische-truebsaell-als,Genesis 22
1649-alard-hiobitische-truebsaell-als,Genesis 2
1649-alard-hiobitische-truebsaell-als,Ps 128
1649-alard-hiobitische-truebsaell-als,1 Cor 75
1649-alard-hiobitische-truebsaell-als,Joshua 6
1649-alard-hiobitische-truebsaell-als,Leviticus 12
1649-alard-hiobitische-truebsaell-als,Leviticus 15
1649-alard-hiobitische-truebsaell-als,Leviticus 25
1649-alard-hiobitische-truebsaell-als,John 4
1649-alard-hiobitische-truebsaell-als,Prov 24
1649-alard-hiobitische-truebsaell-als,Prov 26
1649-alard-hiobitische-truebsaell-als,Prov 6
1649-alard-hiobitische-truebsaell-als,Luke 7
1649-alard-hiobitische-truebsaell-als,Prov 24
1649-alard-hiobitische-truebsaell-als,Rom 6
1649-alard-hiobitische-truebsaell-als,Wis 4
1649-alard-hiobitische-truebsaell-als,Mark 13
1649-alard-hiobitische-truebsaell-als,Heb 3
1649-alard-hiobitische-truebsaell-als,2 Cor 5
1649-alard-hiobitische-truebsaell-als,2 Pet 1
1649-alard-hiobitische-truebsaell-als,Wis 2
1649-alard-hiobitische-truebsaell-als,Rom 5
1649-alard-hiobitische-truebsaell-als,Sir 25
1649-alard-hiobitische-truebsaell-als,Ps 130
1649-alard-hiobitische-truebsaell-als,Genesis 90
1649-alard-hiobitische-truebsaell-als,Deuteronomy 4
1649-alard-hiobitische-truebsaell-als,Matt 12
1649-alard-hiobitische-truebsaell-als,Genesis 5
1649-alard-hiobitische-truebsaell-als,Eccl 12
1649-alard-hiobitische-truebsaell-als,Phil 1
1649-alard-hiobitische-truebsaell-als,2 Tim 4
1649-alard-hiobitische-truebsaell-als,2 Tim 4
1649-alard-hiobitische-truebsaell-als,Rom 5
1649-alard-hiobitische-truebsaell-als,John 5
1649-alard-hiobitische-truebsaell-als,1 John 2
1649-alard-hiobitische-truebsaell-als,Sir 40
1649-alard-hiobitische-truebsaell-als,Ps 49
1649-alard-hiobitische-truebsaell-als,1 Thess 4
1649-alard-hiobitische-truebsaell-als,1 Cor 3
1649-alard-hiobitische-truebsaell-als,1 Cor 3
1649-alard-hiobitische-truebsaell-als,Eph 5
1649-alard-hiobitische-truebsaell-als,Rom 8
1649-alard-hiobitische-truebsaell-als,Sir 14
1649-alard-hiobitische-truebsaell-als,1 Pet 1
1649-alard-hiobitische-truebsaell-als,Job 14
1649-alard-hiobitische-truebsaell-als,Sir 14
1649-alard-hiobitische-truebsaell-als,Job 13
1649-alard-hiobitische-truebsaell-als,Ps 89
1649-alard-hiobitische-truebsaell-als,1 Pet 1
1649-alard-hiobitische-truebsaell-als,John 14
1649-alard-hiobitische-truebsaell-als,Hos 10
1649-alard-hiobitische-truebsaell-als,Sir 40
1649-alard-hiobitische-truebsaell-als,Wis 7
1649-alard-hiobitische-truebsaell-als,Sir 7
1649-alard-hiobitische-truebsaell-als,Eccl 9
1649-alard-hiobitische-truebsaell-als,Sir 7
1649-alard-hiobitische-truebsaell-als,Genesis 15
1649-alard-hiobitische-truebsaell-als,Ps 102
1649-alard-hiobitische-truebsaell-als,Luke 2
1649-alard-hiobitische-truebsaell-als,John 12
1649-alard-hiobitische-truebsaell-als,Job 12
1649-alard-hiobitische-truebsaell-als,Leviticus 3
1649-alard-hiobitische-truebsaell-als,Col 1
1649-alard-hiobitische-truebsaell-als,Matt 1
1649-alard-hiobitische-truebsaell-als,1 Cor 5
1649-alard-hiobitische-truebsaell-als,Matt 25
1649-alard-hiobitische-truebsaell-als,Ps 116
1649-alard-hiobitische-truebsaell-als,Heb 9
1649-alard-hiobitische-truebsaell-als,Matt 25
1649-alard-hiobitische-truebsaell-als,2 Tim 2
1705-andreae-gottes-herrliche-heilige,Job 37
1705-andreae-gottes-herrliche-heilige,Dan 5
1705-andreae-gottes-herrliche-heilige,Ps 32
1705-andreae-gottes-herrliche-heilige,Isa 46
1705-andreae-gottes-herrliche-heilige,Ps 115
1705-andreae-gottes-herrliche-heilige,Ps 148
1705-andreae-gottes-herrliche-heilige,Ps 18
1705-andreae-gottes-herrliche-heilige,2 Samuel 22
1705-andreae-gottes-herrliche-heilige,1 Pet 4
1705-andreae-gottes-herrliche-heilige,Ps 143
1705-andreae-gottes-herrliche-heilige,Sir 34
1705-andreae-gottes-herrliche-heilige,Ps 27
1705-andreae-gottes-herrliche-heilige,Ps 104
1705-andreae-gottes-herrliche-heilige,Exodus 5
1705-andreae-gottes-herrliche-heilige,Exodus 9
1705-andreae-gottes-herrliche-heilige,Exodus 19
1705-andreae-gottes-herrliche-heilige,Job 37
1705-andreae-gottes-herrliche-heilige,Jer 25
1705-andreae-gottes-herrliche-heilige,2 Cor 4
1705-andreae-gottes-herrliche-heilige,Job 2
1705-andreae-gottes-herrliche-heilige,Mal 3
1705-andreae-gottes-herrliche-heilige,Lam 3
1705-andreae-gottes-herrliche-heilige,2 Kings 2
1705-andreae-gottes-herrliche-heilige,Ps 65
1705-andreae-gottes-herrliche-heilige,Ps 48
1705-andreae-gottes-herrliche-heilige,Ezek 48
1705-andreae-gottes-herrliche-heilige,Ps 84
1705-andreae-gottes-herrliche-heilige,Zech 13
1705-andreae-gottes-herrliche-heilige,Eph 5
1705-andreae-gottes-herrliche-heilige,Ps 23
1705-andreae-gottes-herrliche-heilige,Ps 112
1705-andreae-gottes-herrliche-heilige,Luke 21
1705-andreae-gottes-herrliche-heilige,Genesis 24
1705-andreae-gottes-herrliche-heilige,1 John 4
1705-andreae-gottes-herrliche-heilige,Song 8
1705-andreae-gottes-herrliche-heilige,Ps 119
1705-andreae-gottes-herrliche-heilige,1 Cor 3
1705-andreae-gottes-herrliche-heilige,Matt 8
1705-andreae-gottes-herrliche-heilige,Rev 14
1705-andreae-gottes-herrliche-heilige,Luke 23
1705-andreae-gottes-herrliche-heilige,Ps 8
1705-andreae-gottes-herrliche-heilige,Ps 45
1705-andreae-gottes-herrliche-heilige,Eph 1
1705-andreae-gottes-herrliche-heilige,Matt 3
1705-andreae-gottes-herrliche-heilige,John 16
1705-andreae-gottes-herrliche-heilige,Jas 5
1705-andreae-gottes-herrliche-heilige,1 Samuel 7
1705-andreae-gottes-herrliche-heilige,1 Samuel 12
1705-graefe-gottes-majestaet-und,1 Cor 15
1705-graefe-gottes-majestaet-und,2 Kings 20
1705-graefe-gottes-majestaet-und,Eccl 1
1705-graefe-gottes-majestaet-und,1 Samuel 11
1705-graefe-gottes-majestaet-und,1 Samuel 25
1705-graefe-gottes-majestaet-und,2 Samuel 24
1705-graefe-gottes-majestaet-und,Esther 2
1705-graefe-gottes-majestaet-und,2 Samuel 11
1705-graefe-gottes-majestaet-und,1 Samuel 7
1705-graefe-gottes-majestaet-und,2 Cor 4
1705-graefe-gottes-majestaet-und,1 Cor 10
1707-stolle-el-lemoshaot-der,Jer 3:22
1707-stolle-el-lemoshaot-der,2 Cor 4
1707-stolle-el-lemoshaot-der,Ps 86
1707-stolle-el-lemoshaot-der,1 Cor 8
1707-stolle-el-lemoshaot-der,2 Kings 6
1707-stolle-el-lemoshaot-der,2 Samuel 22
1707-stolle-el-lemoshaot-der,1 Cor 10
1707-stolle-el-lemoshaot-der,2 Cor 1
1707-stolle-el-lemoshaot-der,John 1
1707-stolle-el-lemoshaot-der,1 Kings 14
1707-stolle-el-lemoshaot-der,2 Chronicles 22
1707-stolle-el-lemoshaot-der,Ezek 32
1707-stolle-el-lemoshaot-der,1 Cor 3
1707-stolle-el-lemoshaot-der,2 Chronicles 6
1707-stolle-el-lemoshaot-der,1 Kings 17
1707-stolle-el-lemoshaot-der,1 Kings 3
1707-stolle-el-lemoshaot-der,1 Cor 2
1707-stolle-el-lemoshaot-der,2 Kings 2
1707-stolle-el-lemoshaot-der,Job 1
1707-stolle-el-lemoshaot-der,1 Cor 4
1707-stolle-el-lemoshaot-der,Col 1
1707-stolle-el-lemoshaot-der,1 Samuel 2
1707-stolle-el-lemoshaot-der,2 Tim 2
1707-stolle-el-lemoshaot-der,1 Thess 5
1707-stolle-el-lemoshaot-der,2 Thess 1
1707-stolle-el-lemoshaot-der,2 Kings 19
1707-stolle-el-lemoshaot-der,1 Tim 2
1707-stolle-el-lemoshaot-der,2 Samuel 9
1707-stolle-el-lemoshaot-der,2 Samuel 16
1707-stolle-el-lemoshaot-der,Ezek 57
1707-stolle-el-lemoshaot-der,1 Kings 6
1707-stolle-el-lemoshaot-der,2 Chronicles 3
1707-stolle-el-lemoshaot-der,1 Samuel 11
1707-stolle-el-lemoshaot-der,1 Kings 5
1707-stolle-el-lemoshaot-der,2 Samuel 1
1707-stolle-el-lemoshaot-der,2 Samuel 21
1707-stolle-el-lemoshaot-der,2 Tim 4
1748-knebel-wie-gott-denen,Mark 7:31
1748-knebel-wie-gott-denen,Job 33:15
1748-knebel-wie-gott-denen,Mark 7:3
1748-knebel-wie-gott-denen,Job 33:17
